SL,School Name,District,Board,Sector,Project,Link
1,B.B. Institution,North,CBSE,Information Technology,VE 24 Schools,https://docs.google.com/spreadsheets/d/1rwWD0jpdPq8bnR5oxf4Z_6QIMKTEdUKU_LrLga7OiX8/edit?usp=drivesdk
2,B.B. Institution,North,CBSE,Retail,VE 24 Schools,https://docs.google.com/spreadsheets/d/17MpW0nxGqjj5cfpt4LFGrDqmqM7wuDN-QFSAbfjn5FQ/edit?usp=drivesdk
3,PMSHRI Kalacherra HS School,North,TBSE,IT-ITeS,VE 24 Schools,https://docs.google.com/spreadsheets/d/1VciuTDP9_fSkgDJQHbwPcTysgjqtE6MofWq8mRygVqc/edit?usp=drivesdk
4,PMSHRI Kalacherra HS School,North,TBSE,Agriculture,VE 24 Schools,https://docs.google.com/spreadsheets/d/1Xx2VBfRGKIxgTgIVno2Q1qlyNi5oQcl4rjZ6VtsuMJM/edit?usp=drivesdk
5,Kanchanpur HS School,North,CBSE,Information Technology,VE 24 Schools,https://docs.google.com/spreadsheets/d/1duEItUCZa8H3qz65P6nqho9b8xTUkkDM6QolAI5_JRo/edit?usp=drivesdk
6,Kanchanpur HS School,North,CBSE,Retail,VE 24 Schools,https://docs.google.com/spreadsheets/d/1wdKQJfEsHf5ltehanDn2dXiHr2yeAZKAdz0oFKBS6QI/edit?usp=drivesdk
7,Tilabazar HS School,Unakoti,CBSE,Electronics & Hardware,VE 24 Schools,https://docs.google.com/spreadsheets/d/1ziSMTTQ8lB8XCwFcBsIG5nP4DGEK2agQuEaUH645MEo/edit?usp=drivesdk
8,Ledrai Dewan Class-XII School,Unakoti,CBSE,Electronics & Hardware,VE 24 Schools,https://docs.google.com/spreadsheets/d/1IHJd839eumnbPgLZk3aaAEbOiT5M7b02Q-HhV2Vupxs/edit?usp=drivesdk
9,Dhana Singh Chowdhury Memorial Eng Med HS School,Unakoti,CBSE,Information Technology,VE 24 Schools,https://docs.google.com/spreadsheets/d/1ayUs3gROZgRhYG4wzePHYkBQmwlJeD_m9ZV3m7gVylA/edit?usp=drivesdk
10,Bamanchara English Medium HS School,Dhalai,CBSE,Information Technology,VE 24 Schools,https://docs.google.com/spreadsheets/d/1qpX1wA7HnU72A9K8wiZ4n2J9SJI5OhRVwD792eqK0v8/edit?usp=drivesdk
11,Bamanchara English Medium HS School,Dhalai,CBSE,Agriculture,VE 24 Schools,https://docs.google.com/spreadsheets/d/1r0P75hwn_pWAoUVesy2bUWbrOxlztlkNKA_pr0KJ9_A/edit?usp=drivesdk
12,Dalubari Gate Class XII School,Dhalai,TBSE,Electronics,VE 24 Schools,https://docs.google.com/spreadsheets/d/1G3ezRLYtX9KQVJF0Rz9HU4F_knTdmQtSHC8MiSuijmc/edit?usp=drivesdk
13,Tulashikhar Rajnagar HS School,Khowai,CBSE,Electronics & Hardware,VE 24 Schools,https://docs.google.com/spreadsheets/d/1HMvajwGzS_67Zd45fAmEyXXrIgCabdKQYDhwyPtyg3c/edit?usp=drivesdk
14,Khowai Govt. HS School,Khowai,CBSE,Electronics & Hardware,VE 24 Schools,https://docs.google.com/spreadsheets/d/1X-DjU9IEFEgGEp3kaSDA-FAiyqF88dcoiM_NkN4FzHg/edit?usp=drivesdk
15,Chebri Govt. Class XII School,Khowai,TBSE,Agriculture,VE 24 Schools,https://docs.google.com/spreadsheets/d/1mmJ1awIfecnGzHzFUyuX5wozKcldoGr7OvEf0ocT9Sw/edit?usp=drivesdk
16,PMSHRI kamalghat HS school,West,TBSE,Agriculture,VE 24 Schools,https://docs.google.com/spreadsheets/d/1sco0D3EA2mkyMWeMDqUXesfX5VeZ_Y53EF89P7SLKxk/edit?usp=drivesdk
17,Bodhjung HS School,West,CBSE,Electronics & Hardware,VE 24 Schools,https://docs.google.com/spreadsheets/d/1C_pes45Q27o7QOYFMX6c-In4SBsXRIWwTPyOGePZBRw/edit?usp=drivesdk
18,Madhuban (K) HS School,West,TBSE,IT-ITeS,VE 24 Schools,https://docs.google.com/spreadsheets/d/1oC8hXhBRHD0tsP4ss5x-A5qx58PK6cxMnihSGbrW97o/edit?usp=drivesdk
19,Amtali HS School,West,CBSE,Information Technology,VE 24 Schools,https://docs.google.com/spreadsheets/d/1yIGWU2lFkWUBjcdR9sYScuD-EKQqLj4tIgUiTy6b6D8/edit?usp=drivesdk
20,Boxanagar HS School,Sepahijala,CBSE,Information Technology,VE 24 Schools,https://docs.google.com/spreadsheets/d/1EEsoL9vD7COYUBm_72QfVUYLX2llVprJyqYWRxHmj4M/edit?usp=drivesdk
21,Boxanagar H.S School,Sepahijala,CBSE,Agriculture,VE 24 Schools,https://docs.google.com/spreadsheets/d/1bartcmVeDlI__DNtn77d_vnVyxylZjAH94QJL_8fzIQ/edit?usp=drivesdk
22,Bishalgarh Class-XII School,Sepahijala,TBSE,IT-ITeS,VE 24 Schools,https://docs.google.com/spreadsheets/d/1f5jkB7eAnVBvohp5daPIqBuMItb7v6fQ4ggeaDrPc2Y/edit?usp=drivesdk
23,Kathalia HS School,Sepahijala,CBSE,Information Technology,VE 24 Schools,https://docs.google.com/spreadsheets/d/1l3_AOTzBHJHZ9RdpPJ-5RGjYgFCQ_aPZtPRaJCh0R5c/edit?usp=drivesdk
24,Jalemabari HS School,Gomati,TBSE,Agriculture,VE 24 Schools,https://docs.google.com/spreadsheets/d/1phzRAoiHJFMv3cC_uYvy8D2rmYq0jRitR5z3TAmp01w/edit?usp=drivesdk
25,Karbook Panjiham H.S. School,Gomati,CBSE,Agriculture,VE 24 Schools,https://docs.google.com/spreadsheets/d/16g_t2-m3lXDVwQpntSI-Pk-VOWeC-cDiQBD_yYeHRNU/edit?usp=drivesdk
26,Karbook Panjihum H.S School,Gomati,CBSE,Information Technology,VE 24 Schools,https://docs.google.com/spreadsheets/d/1Nw6nF821QC8BqcFNo1OmSzfSmOK8CJmsKpknEX8uFK0/edit?usp=drivesdk
27,Kirit Bikram Institution (HS),Gomati,CBSE,Electronics & Hardware,VE 24 Schools,https://docs.google.com/spreadsheets/d/1Q4Tb5k8vp-6D8PxaJ1G2DaxlqSfzdsp4XDTTSobT8mM/edit?usp=drivesdk
28,Belonia Govt. English Medium HS School,South,CBSE,Information Technology,VE 24 Schools,https://docs.google.com/spreadsheets/d/1UbuKKer1eOQCuBEQExxroFccZwFSjbe-N7yvtqMKvMc/edit?usp=drivesdk
29,Belonia Govt. English Medium H.S School,South,CBSE,Retail,VE 24 Schools,https://docs.google.com/spreadsheets/d/1FCNyRJBi_lo9ExWq5-SbOYOeiAf8tply34LQ8SKSUnI/edit?usp=drivesdk
30,Baikhora English Medium H.S School,South,CBSE,Agriculture,VE 24 Schools,https://docs.google.com/spreadsheets/d/1eeSlCcru7wl89gnausx1AqMdfyczybTJOA5QiymvjA4/edit?usp=drivesdk
31,Rajnagar Col. HS School,South,CBSE,Agriculture,VE 24 Schools,https://docs.google.com/spreadsheets/d/1kKSyiLatKyIOhVQBQQI6Z85L3KA_-kaar-nhOLHtS14/edit?usp=drivesdk
32,Kadamtala H.S School,North,CBSE,Electronics & Hardware,VE 56 Schools,https://docs.google.com/spreadsheets/d/1-7zXKV4sa4liftgBpBdtajzRuFFVdWQk7dx6NSszAuA/edit?usp=drivesdk
33,Kadamtala H.S School,North,CBSE,Information Technology,VE 56 Schools,https://docs.google.com/spreadsheets/d/1LqsHm5lARuDlhLnD4mLy_f8HuvHEUxvOjkPY1yxeK5I/edit?usp=drivesdk
34,Baghan H.S School,North,TBSE,Organised Retail,VE 56 Schools,https://docs.google.com/spreadsheets/d/11T91n62T-MqtXGEQWou_E1Wuxa9Q81sO4gFCxtppkuA/edit?usp=drivesdk
35,Anandabazar H.S School,North,CBSE,Agriculture,VE 56 Schools,https://docs.google.com/spreadsheets/d/1_n4i4kFWopqAQ5dUaE3esY6Vzl6oT7KUz0qB012_WHs/edit?usp=drivesdk
36,Anandabazar H.S. School,North,CBSE,Electronics & Hardware,VE 56 Schools,https://docs.google.com/spreadsheets/d/1n_CWisyft3C7m6_1U5EvQm0PAUcYeU_3tVRJXvweqls/edit?usp=drivesdk
37,Deocherra H.S. School,North,TBSE,Organised Retail,VE 56 Schools,https://docs.google.com/spreadsheets/d/1qtfhHWFNI5r-u7XzUAC2glEhJGdg0QhOInZghOmNIZ8/edit?usp=drivesdk
38,Padmapur H.S School,North,CBSE,Information Technology,VE 56 Schools,https://docs.google.com/spreadsheets/d/1wmucDd7UqOwss6EXLmTiXE_n5PDu__LkRvUwsSzsDMY/edit?usp=drivesdk
39,PMSHRI R.K Institution,Unakoti,TBSE,IT-ITeS,VE 56 Schools,https://docs.google.com/spreadsheets/d/1O9A6jChbzXb49WwqgNbIP9RuowPBW3_0J5zHQkHxScU/edit?usp=drivesdk
40,PMSHRI R.K. Institution,Unakoti,TBSE,Electronics,VE 56 Schools,https://docs.google.com/spreadsheets/d/1SHIj2VQ6qzDJeBosj2YDnwlAM2Ya1JE4evQUcucZNXI/edit?usp=drivesdk
41,Bhagini Nibedita HS School,Unakoti,CBSE,Information Technology,VE 56 Schools,https://docs.google.com/spreadsheets/d/1T5Bs1RmeOYlW-a1llj4-ZCSS6J13qfOimq0Dr7wgPIs/edit?usp=drivesdk
42,Bhagini Nibedita HS School,Unakoti,CBSE,Retail,VE 56 Schools,https://docs.google.com/spreadsheets/d/1bLuKp5-6BgdbGcjL-8P669WolN2kSlLCpjeBK7HuIFY/edit?usp=drivesdk
43,Joyganti HS School,Unakoti,TBSE,Organised Retail,VE 56 Schools,https://docs.google.com/spreadsheets/d/1vqcLB6Os4_B6CEIC09bb5kMTN0bCssYaeOagsw3JUnw/edit?usp=drivesdk
44,Joyganti H.S School,Unakoti,TBSE,Electronics,VE 56 Schools,https://docs.google.com/spreadsheets/d/14Rkx617JHMh5ijTcZo4EYC3RBK3uhp2Nyize4WKrHAw/edit?usp=drivesdk
45,Ramguna Cp H.S School,Unakoti,TBSE,Electronics,VE 56 Schools,https://docs.google.com/spreadsheets/d/1FjeTrDJ9sF_N-ggn9zS3BeVReCXxtIwoGhhlEsaCVkg/edit?usp=drivesdk
46,Ramguna C.P. H.S. School,Unakoti,TBSE,IT-ITeS,VE 56 Schools,https://docs.google.com/spreadsheets/d/1I_nF9Tsq8ZdCWMHDD-QVlhQm1g033Gch463_aqPu5mM/edit?usp=drivesdk
47,Salema Class XII School,Dhalai,CBSE,Electronics & Hardware,VE 56 Schools,https://docs.google.com/spreadsheets/d/1KdwSMbDvz0gzoDgyFB5xsrvnH7lNmMeCU1-hn60mjAY/edit?usp=drivesdk
48,Salema Class XII School,Dhalai,CBSE,Retail,VE 56 Schools,https://docs.google.com/spreadsheets/d/1hDUykVFeSdz9-eNhu_NuAmAAGiuJc1HLwBoiPy9WZO4/edit?usp=drivesdk
49,Gandachara Class XII School,Dhalai,CBSE,Electronics & Hardware,VE 56 Schools,https://docs.google.com/spreadsheets/d/1NT2yHMRwMvVTk3pwyoeON82niZJeObky7K7XDvDAWIs/edit?usp=drivesdk
50,Gandachara Class XII School,Dhalai,CBSE,Agriculture,VE 56 Schools,https://docs.google.com/spreadsheets/d/1d27-h_yAI378peuxdXbuqHNE83EkVPqlXIw0DyS5S4M/edit?usp=drivesdk
51,Kalachari Class XII School,Dhalai,TBSE,Organised Retail,VE 56 Schools,https://docs.google.com/spreadsheets/d/1tP22QS4F28IC7PxUnFc9qIhJIlpOeQDHCyWoBPr_GvQ/edit?usp=drivesdk
52,Chawmanu Class XII School,Dhalai,CBSE,Retail,VE 56 Schools,https://docs.google.com/spreadsheets/d/1w7liG13DhvLr4WjhfE2wBfdUyOHKcyPHmGsPG2xEHqc/edit?usp=drivesdk
53,Raishyabari Eng. Med. HS School,Dhalai,CBSE,Retail,VE 56 Schools,https://docs.google.com/spreadsheets/d/1wyA72Z6sG37xkUUrku426NhShI63jfIeMISz22RAYJ0/edit?usp=drivesdk
54,82 Miles Proper HS School,Dhalai,TBSE,IT-ITeS,VE 56 Schools,https://docs.google.com/spreadsheets/d/1Bcd4TTyKYMNkSY5eDyL4Ss3Sb7sB5Va82i1vT79IjJ0/edit?usp=drivesdk
55,82 Miles Proper H/S School,Dhalai,TBSE,Electronics,VE 56 Schools,https://docs.google.com/spreadsheets/d/1CkM4uXbiRuFZNdh3fK3yADQZzb6DrgUEdh3IWSaXvTg/edit?usp=drivesdk
56,Halhali Class XII School,Dhalai,CBSE,Electronics & Hardware,VE 56 Schools,https://docs.google.com/spreadsheets/d/1HF1ps2bX37BcBLD1xl_F5HoQTPKNX-Awok-3K8zhD4A/edit?usp=drivesdk
57,Halhali Class XII School,Dhalai,CBSE,Information Technology,VE 56 Schools,https://docs.google.com/spreadsheets/d/1QHW7Ipn7dGQhmlZ0orfmdj5lDC91_EUjo-0HPZMrVH0/edit?usp=drivesdk
58,PMSHRI Baralutma Class XII School,Dhalai,TBSE,Agriculture,VE 56 Schools,https://docs.google.com/spreadsheets/d/1WyeE2m6qxPdXDXvwr3Ip3pn6vsmlqfK1ydPglx6qapg/edit?usp=drivesdk
59,PMSHRI Bharat Sardar HS School,Khowai,TBSE,Agriculture,VE 56 Schools,https://docs.google.com/spreadsheets/d/1YV7LrfaXdxrwPX_aqvR1bsCnwkPLHopthVcOR0gcy80/edit?usp=drivesdk
60,PMSHRI Bharat Sardar H.S. School,Khowai,TBSE,IT-ITeS,VE 56 Schools,https://docs.google.com/spreadsheets/d/1_n-qs5b2yGMJLdrT-qaqqaEsL3uRYcctpD8RcpNqjdA/edit?usp=drivesdk
61,Teliamura HS School,Khowai,CBSE,Information Technology,VE 56 Schools,https://docs.google.com/spreadsheets/d/1aNy4skPYcUdFaQbWRBRV2eHBwwPYD1DvPrfH0INrXqs/edit?usp=drivesdk
62,Teliamura H.S. School,Khowai,CBSE,Electronics & Hardware,VE 56 Schools,https://docs.google.com/spreadsheets/d/1gMs3deHQNy9mGsE0aBNYot3gwu85vH96jlVKSJcrf_E/edit?usp=drivesdk
63,Kabi nazrul Vidyabhaban HS School,Khowai,CBSE,Information Technology,VE 56 Schools,https://docs.google.com/spreadsheets/d/186JVigWxx3xJHGQWSaBz97u8qLb2svSutbZaPsGV_Lw/edit?usp=drivesdk
64,Kabi Nazrul Vidya Bhaban Hs School,Khowai,CBSE,Electronics & Hardware,VE 56 Schools,https://docs.google.com/spreadsheets/d/1tPbSWc8FMLJs2iPnrLakZYBx6S7aJSLVWsBX1w4fIWc/edit?usp=drivesdk
65,Mungiabari HS School,Khowai,CBSE,Retail,VE 56 Schools,https://docs.google.com/spreadsheets/d/1tTfN19eckr5ASR5er3JuAYarJMkMKiv626k8YK9hk0M/edit?usp=drivesdk
66,Mungiabari H.S. School,Khowai,CBSE,Information Technology,VE 56 Schools,https://docs.google.com/spreadsheets/d/1x1-406FAcDeFHNOu0rNIxFNIE3dVbScwiWd1hbpQBb4/edit?usp=drivesdk
67,Dr. H.S. Roy Chowdhury Memorial Institution,Khowai,CBSE,Information Technology,VE 56 Schools,https://docs.google.com/spreadsheets/d/1z2_0d0lLaEofBYbvbAdzWHBzRgfklt3P67sjsOX_zRI/edit?usp=drivesdk
68,Dr. H.S. Roy Chowdhury Memorial Institution,Khowai,CBSE,Electronics & Hardware,VE 56 Schools,https://docs.google.com/spreadsheets/d/197LSU6fQB2jdw89wrmguo8ig6qO_ePFBZdcnOnsRfyI/edit?usp=drivesdk
69,Saratchandra HS School,Khowai,TBSE,Organised Retail,VE 56 Schools,https://docs.google.com/spreadsheets/d/1KmnMqnEojJ52M0zxi-rbDxBzSgJr9Uh7M-3uvkGPQEM/edit?usp=drivesdk
70,Maharanipur HS School,Khowai,TBSE,Organised Retail,VE 56 Schools,https://docs.google.com/spreadsheets/d/1cj4pT3ftcrx5yc_-d-WVH9DQFtFBTjzMcUIOl2F-muc/edit?usp=drivesdk
71,Nandannagar HS School,West,TBSE,Electronics,VE 56 Schools,https://docs.google.com/spreadsheets/d/1pdJpHNYWjxDWw9kTUK2uCDM9r_mQ9E_8tqi2gibXgII/edit?usp=drivesdk
72,Nandannagar HS School,West,TBSE,Organised Retail,VE 56 Schools,https://docs.google.com/spreadsheets/d/1y2pfCWyHj3OvVxNN9PFSrj8D6ameYVX4ElsfhTcJRHA/edit?usp=drivesdk
73,Bijoy Kumar Girls' HS School,West,TBSE,Organised Retail,VE 56 Schools,https://docs.google.com/spreadsheets/d/11TIXpHXxyvDo3z0Asg23kmS2ptajtmrew1PiKJ2Ct6Y/edit?usp=drivesdk
74,Bijoy Kumar Girls' H.S. School,West,TBSE,IT-ITeS,VE 56 Schools,https://docs.google.com/spreadsheets/d/1XTKFtxV_VPaoOZAuV4Wzy9K0WxcdnrtGu5v67lz5DV8/edit?usp=drivesdk
75,Arundhuti Nagar HS School,West,CBSE,Information Technology,VE 56 Schools,https://docs.google.com/spreadsheets/d/1Y_UlEAuYX2ztfze-zSz139ggmR-PovbJxjsmS0Op8C0/edit?usp=drivesdk
76,Belabar HS School,West,CBSE,Retail,VE 56 Schools,https://docs.google.com/spreadsheets/d/1smo1Fbbys4rYyeGsC-5HsGZYi9BSEyFRtN-3lemj3ss/edit?usp=drivesdk
77,Surjyamani Nagar HS School,West,CBSE,Retail,VE 56 Schools,https://docs.google.com/spreadsheets/d/1wytKKbz5v7F_Wh0fKZe_DTNSbF7KyLNRsJXLHvoBhrc/edit?usp=drivesdk
78,Surjyamani Nagar H/S School,West,CBSE,Agriculture,VE 56 Schools,https://docs.google.com/spreadsheets/d/17VMNi7Xbo0F9tEuS9ChczrkA1k_0pDjudIpHCISz_cI/edit?usp=drivesdk
79,Ishanpur HS School,West,CBSE,Agriculture,VE 56 Schools,https://docs.google.com/spreadsheets/d/1KA_tUHWRRhdg_8shR8Rb7sNJwNHhgp2R2ZGhH0IXjsg/edit?usp=drivesdk
80,PMSHRI Ranirgaon Class-XII School,West,TBSE,IT-ITeS,VE 56 Schools,https://docs.google.com/spreadsheets/d/1ZlYtE-cTWqFGm6uDT9I3lkEv4UL_175c-PR9k9kEhjU/edit?usp=drivesdk
81,Birendra Nagar HS School,West,CBSE,Electronics & Hardware,VE 56 Schools,https://docs.google.com/spreadsheets/d/1jiFV7AfUCMQ36r44k_I3o5yUylLQQ5i0GWzabhUqscA/edit?usp=drivesdk
82,Birendra Nagar HS School,West,CBSE,Information Technology,VE 56 Schools,https://docs.google.com/spreadsheets/d/1ubHHomaWa3j6tqRvUA22_1FMkDIIMd9nchVH2vazgIc/edit?usp=drivesdk
83,Mohanpur Class XII School,West,CBSE,Information Technology,VE 56 Schools,https://docs.google.com/spreadsheets/d/12JWQbQ_NEOl9czuaNC3Mx_SY4VTEn5RNhxktA87GAgE/edit?usp=drivesdk
84,Bishramganj HS School,Sepahijala,CBSE,Agriculture,VE 56 Schools,https://docs.google.com/spreadsheets/d/17DYQhJt2y4ahqQyRWxoWNaFx778yVUGqjji82QBdBWw/edit?usp=drivesdk
85,Bishramganj HS School,Sepahijala,CBSE,Information Technology,VE 56 Schools,https://docs.google.com/spreadsheets/d/1FOxY-0nzCFa4jTXc7GBS_6uwdaedJOGPQKOCi3rPWWY/edit?usp=drivesdk
86,Bharat Ratna Atal Bihari Vajpayee Charilam HS School,Sepahijala,CBSE,Agriculture,VE 56 Schools,https://docs.google.com/spreadsheets/d/1RLYXWoGcKO9dZVrjr5Jy2WbsCl4kCwTB9tasANjJbWU/edit?usp=drivesdk
87,Bharat Ratna Atal Bihari Vajpayee Charilam HS School,Sepahijala,CBSE,Information Technology,VE 56 Schools,https://docs.google.com/spreadsheets/d/1w-f3nu70PTHqdnnnZ2QhFZdTE4SXRyOyDdhJZsEdhfI/edit?usp=drivesdk
88,Office Tilla HS School,Sepahijala,CBSE,Retail,VE 56 Schools,https://docs.google.com/spreadsheets/d/1IsxTKMD9ac1HGqzTwX3gUbMWjRugzmmfZA559HjWtIA/edit?usp=drivesdk
89,Office Tilla HS School,Sepahijala,CBSE,Information Technology,VE 56 Schools,https://docs.google.com/spreadsheets/d/1nnKGV_xgmcyOoK3Fuc4jV3ReYmVLuDFbmVUKdNHUPn8/edit?usp=drivesdk
90,Madhupur HS School,Sepahijala,CBSE,Electronics & Hardware,VE 56 Schools,https://docs.google.com/spreadsheets/d/1HCdQYP0bp8RtXkCONLgWb5DwzMXtImt2ZbI11ozfyys/edit?usp=drivesdk
91,Madhupur HS School,Sepahijala,CBSE,Information Technology,VE 56 Schools,https://docs.google.com/spreadsheets/d/1FplIim8In5QNfbzyazYwd6MJzC4uWanqPPXh2Eq2uUI/edit?usp=drivesdk
92,PMSHRI Baidyardighi HS School,Sepahijala,TBSE,Agriculture,VE 56 Schools,https://docs.google.com/spreadsheets/d/1ooz3UpNN06fk7CDrr5Gz2QSFoP9FsW8-XG64ywRjOGo/edit?usp=drivesdk
93,Srinagar Gabardi HS School,Sepahijala,CBSE,Agriculture,VE 56 Schools,https://docs.google.com/spreadsheets/d/1CZ9E3_4I7Hv9rIs88s2gInjb-t7A0qSSgXl6g71_9Ew/edit?usp=drivesdk
94,PMSHRI N. C. Institution,Sepahijala,TBSE,IT-ITeS,VE 56 Schools,https://docs.google.com/spreadsheets/d/1YJrL-ddLDYlqcBQ4ZS3YXwEisZMgyqmcG1tcv6buj18/edit?usp=drivesdk
95,PMSHRI N.C Institution,Sepahijala,TBSE,Organised Retail,VE 56 Schools,https://docs.google.com/spreadsheets/d/1evqmVibGE5HfDQRMMUoiMtkW-j_JRGzkCoFZ8AiMwv4/edit?usp=drivesdk
96,Sonamura Girls' HS School,Sepahijala,TBSE,IT-ITeS,VE 56 Schools,https://docs.google.com/spreadsheets/d/1vZMRcW9fkE7fECIhhn60e1rWg5yqj51JyPq4EpvBuVY/edit?usp=drivesdk
97,Sonamura Girls' HS School,Sepahijala,TBSE,Organised Retail,VE 56 Schools,https://docs.google.com/spreadsheets/d/1DGEF2HGUCuo7RNhQPNyaBhlOeYhZ9u1KJpjUJOMxk8A/edit?usp=drivesdk
98,Durlavnarayan HS School,Sepahijala,CBSE,Agriculture,VE 56 Schools,https://docs.google.com/spreadsheets/d/1GLE3R0c6p2yPNT0dWpK9BGSOHPbbGd45hommD1Cg7v8/edit?usp=drivesdk
99,Tripura Sundari HS School,Gomati,TBSE,Electronics,VE 56 Schools,https://docs.google.com/spreadsheets/d/1V_SKfy4G20PENPK5TDeYIxWWnRz1ts3W42NVIK2NYy8/edit?usp=drivesdk
100,Matabari English Medium H. S. School,Gomati,TBSE,IT-ITeS,VE 56 Schools,https://docs.google.com/spreadsheets/d/1dZw6s9QJWRf8arosUBkV-j6yn6SavCcmWqfSPNcQuns/edit?usp=drivesdk
101,Bhagini Nivedita English Medium H.S School,Gomati,CBSE,Retail,VE 56 Schools,https://docs.google.com/spreadsheets/d/1saXGhATJC_vWrMoppLpwfa6tW_PDyZoGpTasB-vqelI/edit?usp=drivesdk
102,Bhagini Nivedita English Medium H.S. School,Gomati,CBSE,Information Technology,VE 56 Schools,https://docs.google.com/spreadsheets/d/1hWzW9DB_VZiPs6AA9Qf9cb-Bk5z7MhJ5e0V9ak8bOyg/edit?usp=drivesdk
103,Chandrapur Col. H.S School,Gomati,CBSE,Retail,VE 56 Schools,https://docs.google.com/spreadsheets/d/13elI6BUpS8dv2u0_Cv13rWlj4Mezt9eQeAInPk7R_44/edit?usp=drivesdk
104,Garjanmura H.S School,Gomati,TBSE,Agriculture,VE 56 Schools,https://docs.google.com/spreadsheets/d/1Q18qtcPYGOARZr02qaTON_HO5-rI36QZdf4a8ESgfEc/edit?usp=drivesdk
105,Amarpur H.S School,Gomati,TBSE,IT-ITeS,VE 56 Schools,https://docs.google.com/spreadsheets/d/1vNVApgUFwgrHyKmawc8mfSdQx6418k0qy00OXKKJmJ8/edit?usp=drivesdk
106,Amarpur Girls H.S School,Gomati,TBSE,Organised Retail,VE 56 Schools,https://docs.google.com/spreadsheets/d/1d7PC2s-j7CyzsWk0h9sAoOUTvLTPpl40xd1eB2qojIc/edit?usp=drivesdk
107,Amarpur Girls' H.S School,Gomati,TBSE,IT-ITeS,VE 56 Schools,https://docs.google.com/spreadsheets/d/1EraVcHR6P6yIhoX1v0hG6ODa3ZZuCNFbi7gHVK0Qups/edit?usp=drivesdk
108,Gamaria H.S School,Gomati,TBSE,Agriculture,VE 56 Schools,https://docs.google.com/spreadsheets/d/1AJnei2vRzswk8FJuoUItqkwfeVIoSlaDj1LoUD36JZA/edit?usp=drivesdk
109,Mirza H.S School,Gomati,TBSE,Organised Retail,VE 56 Schools,https://docs.google.com/spreadsheets/d/1sT2-DyvXidrEvvsCSWGjznNbzXahELywY5ngKADZ-xA/edit?usp=drivesdk
110,Mirza H.S School,Gomati,TBSE,Agriculture,VE 56 Schools,https://docs.google.com/spreadsheets/d/1WXQG3_Rd8I5Yu0R4wmINHxyyG3A7EeM5Jq1mnhnbQ_U/edit?usp=drivesdk
111,Birchandra Manu Ssvm H.S. School,South,CBSE,Agriculture,VE 56 Schools,https://docs.google.com/spreadsheets/d/16GTH3CiyO6nf-oOPlAujOyGyxibyjjUn1LReRsXoStQ/edit?usp=drivesdk
112,Birchandra Manu Ssvm H.S. School,South,CBSE,Information Technology,VE 56 Schools,https://docs.google.com/spreadsheets/d/1_lgzuuVvPjOIu5Ul9_msFqxTg3yPFeMEJQyNuE1uOnQ/edit?usp=drivesdk
113,PMSHRI Jolaibari Mm Girls H.S. School,South,TBSE,Organised Retail,VE 56 Schools,https://docs.google.com/spreadsheets/d/1vsZFZ1WRa1G2GRHjlZ_obElN7FaQURYcsWdF0WSrp3w/edit?usp=drivesdk
114,PMSHRI Aryya Colony H.S. School,South,TBSE,Electronics,VE 56 Schools,https://docs.google.com/spreadsheets/d/12PZPDUKF5IKnyV1vgjjRyuSMDC_BkKwuHW4xOgDCPM0/edit?usp=drivesdk
115,Manu Bankul H.S. School,South,CBSE,Retail,VE 56 Schools,https://docs.google.com/spreadsheets/d/1rgqwDkf14A6rRh8ftb1u0arWlgZRPGYEbvBA0-oRjIY/edit?usp=drivesdk
116,Santirbazar Model H.S. School.,South,TBSE,IT-ITeS,VE 56 Schools,https://docs.google.com/spreadsheets/d/1n8BCKZsIVs3QaX_o3gsWI6Y-LBGQ3AHypSW38doPTJg/edit?usp=drivesdk
269,Uttar Padmabil B.H.C High School,North,TBSE,Organised Retail,VE 16 Hub & Spoke Schools (P-I),https://docs.google.com/spreadsheets/d/1fYbd-FrAuotsKWTytPugjblK51Rby4Ph_O-jcwjIUSc/edit?usp=drivesdk
270,Gopal Sardar Para High School,Dhalai,TBSE,Organised Retail,VE 16 Hub & Spoke Schools (P-I),https://docs.google.com/spreadsheets/d/1lcifbBPeIJCj05uM4VZJdGjjrnMln2SX-FUOSY-pjfo/edit?usp=drivesdk
271,Dhanchandra Chowdhury Para High School,Dhalai,TBSE,Agriculture,VE 16 Hub & Spoke Schools (P-I),https://docs.google.com/spreadsheets/d/1vTPq9LL6nc5sk_geh7sc6b4KLj9pBVeIegK0J4uBK8w/edit?usp=drivesdk
272,Khas Kalyanpur High School,Khowai,TBSE,Electronics,VE 16 Hub & Spoke Schools (P-I),https://docs.google.com/spreadsheets/d/1hQ0ZAoTre15tx9jt1-HEl7WHHayw7iLDhNm_9HFnoBQ/edit?usp=drivesdk
273,Brahmacharra High School,Khowai,TBSE,IT-ITeS,VE 16 Hub & Spoke Schools (P-I),https://docs.google.com/spreadsheets/d/1v8wdVz5cycHzNznl5JxVQ_F6VBingHCgberivHHef5A/edit?usp=drivesdk
274,Barabil High School,Khowai,TBSE,Electronics,VE 16 Hub & Spoke Schools (P-I),https://docs.google.com/spreadsheets/d/1_AV3rfGE6CP90U9TFwc1e3pvrDgkSUT_wELRHFzP6p4/edit?usp=drivesdk
275,Ramnagar High School,West,TBSE,Organised Retail,VE 16 Hub & Spoke Schools (P-I),https://docs.google.com/spreadsheets/d/1Txw6a7kglY7wPdEfEpB9Un7TBY63YrOml8r2pMIxDrk/edit?usp=drivesdk
276,Makhumai Kami High School,West,TBSE,IT-ITeS,VE 16 Hub & Spoke Schools (P-I),https://docs.google.com/spreadsheets/d/1L3lSLgvPfM43b1sIklNKbvTJr-5rW3fVaq9LdtD-e7k/edit?usp=drivesdk
277,Rangamura Upper High School,Sepahijala,TBSE,IT-ITeS,VE 16 Hub & Spoke Schools (P-I),https://docs.google.com/spreadsheets/d/1RzwoaDo5ojAGbK888qM1AB37aK3hY1vd2akqa58gwDw/edit?usp=drivesdk
278,Bishalgarh Town HS School,Sepahijala,TBSE,IT-ITeS,VE 16 Hub & Spoke Schools (P-I),https://docs.google.com/spreadsheets/d/1fMxHQT6eV28OOv6WN9zawylwAe6uc91HgQ0IT6nGyu0/edit?usp=drivesdk
279,No.1 New Manu Colony Girls' High School,South,TBSE,Electronics,VE 16 Hub & Spoke Schools (P-I),https://docs.google.com/spreadsheets/d/1SwPfn-fS2kFXKsJaUFXTleUg1x7Pfu3fJz8-gjE9VmU/edit?usp=drivesdk
280,East Mirzapur High School,South,TBSE,Electronics,VE 16 Hub & Spoke Schools (P-I),https://docs.google.com/spreadsheets/d/1pHUmyucQnTt1GtX4j3vwDJy_wcqLlkVJvT5-GIpgPgM/edit?usp=drivesdk
281,Laljuri H.S. School,North,TBSE,Organised Retail,VE 90 Schools,https://docs.google.com/spreadsheets/d/1P4gq-lnVYhgvslAbCRXOvqTTU5FJ93kwzmup2ta0BFs/edit?usp=drive_link
282,Rabindra Nagar H.S School,North,TBSE,Agriculture,VE 90 Schools,https://docs.google.com/spreadsheets/d/1S_iUR72kEMP6h80VSUqCafFSCfDetIi6GDBwOP7QxGw/edit?usp=drivesdk
283,Sabual Eng. Med. H.S School,North,CBSE,Information Technology,VE 90 Schools,https://docs.google.com/spreadsheets/d/1wHEUuo635LpI5KpJHLOj7vNmgMpObWChNK6Kg8n7d4g/edit?usp=drivesdk
284,Jampui H.S School,North,TBSE,Electronics,VE 90 Schools,https://docs.google.com/spreadsheets/d/1qTuK8V5pMw3ZwBAXxPaPcmNoCZB8u_PoFbPLiIME2Mw/edit?usp=drivesdk
285,Fulbari H.S School,North,TBSE,Agriculture,VE 90 Schools,https://docs.google.com/spreadsheets/d/1N6BX2uykQ8ALgG7WrIldk15p67l9HoNAF2ejQBXTPL0/edit?usp=drivesdk
286,Panisagar H.S School,North,CBSE,Information Technology,VE 90 Schools,https://docs.google.com/spreadsheets/d/1BtYLUNj_finYAxg1XtNsUjM0uYrLCXXZfFd6CcTV20k/edit?usp=drivesdk
287,Padmabill H.S.(+2 Stage) School,North,TBSE,Agriculture,VE 90 Schools,https://docs.google.com/spreadsheets/d/15-duJlr28HmZSLLESdekugGxfdHxaneW75VMqODBgjc/edit?usp=drivesdk
288,Huplongcherra T.E.H.S School,North,CBSE,Agriculture,VE 90 Schools,https://docs.google.com/spreadsheets/d/1wT9GFP7ufx7VRt_OiA4Ud4JHnL26OnXfjTZIYWbWKaw/edit?usp=drivesdk
289,Nayapara Eng. Med. H.S School,North,CBSE,Automotive,VE 90 Schools,https://docs.google.com/spreadsheets/d/1vXCSHeYiyhHd3rDPEo94S-zzWEFgb10_WeIH2vbYksk/edit?usp=drivesdk
290,Tarakpur H.S School,North,TBSE,Automotive,VE 90 Schools,https://docs.google.com/spreadsheets/d/1rEFp3RHuGmlm8nqp_ecf1CguXAM9cAWwglN9p84uJ4M/edit?usp=drivesdk
291,Sakaibari High School,North,TBSE,Power,VE 90 Schools,https://docs.google.com/spreadsheets/d/1F6iZp4Dvwp5TIjK5EWxBDpTwZzly1S4apGEpvXzpa0Q/edit?usp=drivesdk
292,Laxminagar High School,North,TBSE,Power,VE 90 Schools,https://docs.google.com/spreadsheets/d/1-biNo54sjFM6FSnINTdBdUVSC4PKcXr6rtPNLQd4paU/edit?usp=drivesdk
293,Irani High School,Unakoti,TBSE,Power,VE 90 Schools,https://docs.google.com/spreadsheets/d/1uOmB3X4kxVPw6D9I2KVvaQbz8G0ue7UXS6IfCtJxi7Q/edit?usp=drivesdk
294,Dhanbilash H.S School,Unakoti,TBSE,Tourism & Hospitality,VE 90 Schools,https://docs.google.com/spreadsheets/d/1hIUyWFeAdRiX8gLmtA2sMv16Knx7bPdZEz-kGAb5B_g/edit?usp=drivesdk
295,Raitwisa H.S School,Unakoti,TBSE,Electronics,VE 90 Schools,https://docs.google.com/spreadsheets/d/1VujRhD3QVDqytVsp7lJ3MSKTRSSIjwPvvLQ-8ZdZW5s/edit?usp=drivesdk
296,Krishnanagar B.M High School,Unakoti,TBSE,Organised Retail,VE 90 Schools,https://docs.google.com/spreadsheets/d/1SmM0gbbqakK2w3wTF1hDbQfsfRw4OxnZDZdVdI_6Mak/edit?usp=drivesdk
297,Ramkamal H.S School,Unakoti,TBSE,Tourism & Hospitality,VE 90 Schools,https://docs.google.com/spreadsheets/d/1GXIYCIceDRBRWKfH56up-hoXbH41cBcCS3dIQzRi_3A/edit?usp=drivesdk
298,Sripur High School,Unakoti,TBSE,IT-ITeS,VE 90 Schools,https://docs.google.com/spreadsheets/d/1dfVQI6zJQoIQQ-3ChtRtRQWE0b3JxhKar-44_IBR5aQ/edit?usp=drivesdk
299,Kulai Colony High School,Dhalai,TBSE,Electronics,VE 90 Schools,https://docs.google.com/spreadsheets/d/1Yud6qkE_B7cWnIl5crTjehx3YX_ZUD4t14sAvQm3AjU/edit?usp=drivesdk
300,Uttar Lalchari High School,Dhalai,TBSE,IT-ITeS,VE 90 Schools,https://docs.google.com/spreadsheets/d/1QxI-3WEsyVZweSHKDHTDrT1Ru-azULlw54ILaXeVDUs/edit?usp=drivesdk
301,Much Kumbir (M.R) Para High School,Dhalai,TBSE,Agriculture,VE 90 Schools,https://docs.google.com/spreadsheets/d/1PnDhuU-g-E9lG_-VYAwmEQ-BHVNH_PxFX90VnDFFz5c/edit?usp=drivesdk
302,Kamalpur Govt. English Medium H.S School,Dhalai,CBSE,Automotive,VE 90 Schools,https://docs.google.com/spreadsheets/d/1ANkSpQM0DSbLdlWlg1eZy35uwos92ZilbUFzBGKbPZ8/edit?usp=drivesdk
303,PMSHRI K.C. Girls Class XII School,Dhalai,TBSE,IT-ITeS,VE 90 Schools,https://docs.google.com/spreadsheets/d/16WBsP_9kw8Oa65A8OVdiE1se5jSuuKSZElYWxw-wzok/edit?usp=drivesdk
304,Duraichara Shibbari High School,Dhalai,TBSE,IT-ITeS,VE 90 Schools,https://docs.google.com/spreadsheets/d/1POa-KejxYgGoCMDqriHgAhuoWpkANkfT3Slxf6z1N6U/edit?usp=drivesdk
305,Baligaon High School,Dhalai,TBSE,Automotive,VE 90 Schools,https://docs.google.com/spreadsheets/d/1O-S7IIoOOtT_-RmKCdmTLX8eoW2gbw0gw0ufPcICIEM/edit?usp=drivesdk
306,Ganganagar Eng. Med. H.S School,Dhalai,CBSE,Agriculture,VE 90 Schools,https://docs.google.com/spreadsheets/d/1ovJuJ0WMnFS30fMa1iUMrFh_qq0GAx88M7exKE8uGWI/edit?usp=drivesdk
307,Madhab Chandra Class XII School,Dhalai,TBSE,IT-ITeS,VE 90 Schools,https://docs.google.com/spreadsheets/d/1ulwXP9VVU5rEGPs8KMywIin4Fokm6omWwarLLsBKeMk/edit?usp=drivesdk
308,Chailengta Govt English Medium H.S School,Dhalai,CBSE,Retail,VE 90 Schools,https://docs.google.com/spreadsheets/d/1AW6x2YPX3KAVWjnPDnrb3RBwsKok77uJLnxuTUKpaCM/edit?usp=drivesdk
309,Binanda Debbarma Para High School,Dhalai,TBSE,IT-ITeS,VE 90 Schools,https://docs.google.com/spreadsheets/d/17jVvKuXgUScOpbp9NkvXp6Q5A70QwyEQaljijnpIDRQ/edit?usp=drivesdk
310,Ujan Chankap Class XII School,Dhalai,TBSE,Power,VE 90 Schools,https://docs.google.com/spreadsheets/d/1KsgBmBTBcaBuqEKT95gbN8XGeSde4L3uyXycmtoMTNk/edit?usp=drivesdk
311,Santir Bazar High School,Dhalai,TBSE,Agriculture,VE 90 Schools,https://docs.google.com/spreadsheets/d/16izqyJO4-faybp5txRpTAkoNo_RqVhn-ioHvZTbKbhA/edit?usp=drivesdk
312,Icharbil H.S School,Khowai,TBSE,Agriculture,VE 90 Schools,https://docs.google.com/spreadsheets/d/1UYNkzDKEP8_BqCo8aX_gNFUi3CtlDV4KIYPcFlVKASc/edit?usp=drivesdk
313,Lankamura H.S School,West,TBSE,Agriculture,VE 90 Schools,https://docs.google.com/spreadsheets/d/1hEdhg5q-FyqgHd5hkY3rzRWWKv0QqKuw-JBSozsQKMw/edit?usp=drivesdk
314,Narsingarh H.S School,West,CBSE,Information Technology,VE 90 Schools,https://docs.google.com/spreadsheets/d/1imMHO_n6iStL8S75_gn_jA7Jd2S3AlU2-aAYg4HOKMg/edit?usp=drivesdk
315,Sishu Bihar H.S School,West,CBSE,Information Technology,VE 90 Schools,https://docs.google.com/spreadsheets/d/1xpx5fZaaq8KRExMe628Cl1tjUIGd2tI7aOekYafZqts/edit?usp=drivesdk
316,M.T.B Girls H.S School,West,CBSE,Information Technology,VE 90 Schools,https://docs.google.com/spreadsheets/d/1t8z8iXi0oSuDag6uE4NNyk6ftS1dH9eIP70-cn9GbPo/edit?usp=drivesdk
317,Umakanta Academy,West,CBSE,Automotive,VE 90 Schools,https://docs.google.com/spreadsheets/d/1B3V1RiP_la8mJuIJMVOCI3ePZc197AHbE0IiJefMogA/edit?usp=drivesdk
318,Bodhjung Girls' H.S School,West,TBSE,Beauty & Wellness,VE 90 Schools,https://docs.google.com/spreadsheets/d/1FuMnDGT2Bb_HRjXOAWH87Wyi_TaB6v6Qal7biGU6BJc/edit?usp=drivesdk
319,Charipara Class XII School,West,TBSE,Organised Retail,VE 90 Schools,https://docs.google.com/spreadsheets/d/1W_u3w5IX2wXda1g0dhm0RUpEmpoh9Yo9O-CwyXFd3Tc/edit?usp=drivesdk
320,Umakanta Academy Eng. Medium,West,CBSE,Information Technology,VE 90 Schools,https://docs.google.com/spreadsheets/d/1aO7ZTueOV2jazYIWkUM74i9vwM85bUXlMvfR9zsF2lo/edit?usp=drivesdk
321,Henry Derozio Academy,West,CBSE,Information Technology,VE 90 Schools,https://docs.google.com/spreadsheets/d/1l6YYxCbMcgNTbzMveBpswuUM5ySLYEL-eTAvXV3Ni18/edit?usp=drivesdk
322,Subhashnagar H.S School,West,TBSE,Power,VE 90 Schools,https://docs.google.com/spreadsheets/d/18HLjdbBNWDXFJqXD5difVa11OAFohM0h-ejnct8ymK8/edit?usp=drivesdk
323,Dr. B.R. Ambedkar English Model School,West,CBSE,Electronics & Hardware,VE 90 Schools,https://docs.google.com/spreadsheets/d/18gHa1h6lzJ3mjPZIEIQOzXutSo5ZV-MAV6ezyYQh1XY/edit?usp=drivesdk
324,Barkathalia H.S School,West,TBSE,Agriculture,VE 90 Schools,https://docs.google.com/spreadsheets/d/19Qo1c9AnSWlV0p7Clamjr72bWaJNwx7WbGNJNso2hiQ/edit?usp=drivesdk
325,PMSHRI Old Agaratala Eng. Med. H.S School,West,TBSE,IT-ITeS,VE 90 Schools,https://docs.google.com/spreadsheets/d/1EIYFjdPAL68kOC9cF1Vz3qm407DZa7Ffc9shmT5ag54/edit?usp=drivesdk
326,Khumpui Academy,West,CBSE,Agriculture,VE 90 Schools,https://docs.google.com/spreadsheets/d/1bq4k6uH6earqmuldn4zFJl4uyKmPovL57STSUjNYsyQ/edit?usp=drivesdk
327,Sukanta Academy English Medium H.S School,West,CBSE,Automotive,VE 90 Schools,https://docs.google.com/spreadsheets/d/167kAO8inq_2OP-qzQuqgikM5k6GqPsKEsG6YPNvswbM/edit?usp=drivesdk
328,Rabikumar Eng. Med. H.S School,West,TBSE,Tourism & Hospitality,VE 90 Schools,https://docs.google.com/spreadsheets/d/1H-elZ0g1JTLnyDOUZl2noCpu7TGqjiZn9Pa-BvtzZTY/edit?usp=drivesdk
329,Gandhigram H.S School,West,TBSE,IT-ITeS,VE 90 Schools,https://docs.google.com/spreadsheets/d/1OWGZDXvQbrxtGcZMIIjSWPJB7cDJ2rKX6sW0FBLogY0/edit?usp=drivesdk
330,Mohanpur Girls' H.S School,West,CBSE,Beauty & Wellness,VE 90 Schools,https://docs.google.com/spreadsheets/d/1Tu4cRtKHqXVKLjimmLJgCKXfQFY2r1u4sQqWtiOX0uw/edit?usp=drivesdk
331,Sahid Kshudiram Vidyabhaban H.S School,West,TBSE,IT-ITeS,VE 90 Schools,https://docs.google.com/spreadsheets/d/1rOGpYt35YzJKSQ9Nt-iHPaKInxLPee40zxA1zbhTG6A/edit?usp=drivesdk
332,Katlamara High School,West,TBSE,Agriculture,VE 90 Schools,https://docs.google.com/spreadsheets/d/12MtpdfheCA1VRnGXEqg9mNOaBlhjrJ5CpNSrolApjyA/edit?usp=drivesdk
333,Tebaria High School,West,TBSE,Agriculture,VE 90 Schools,https://docs.google.com/spreadsheets/d/17meWTjrJ3qeAcd22IjjiVveTvwd1aliYhDWMtIi76dw/edit?usp=drivesdk
334,Kalamchowra H.S School,Sepahijala,TBSE,Electronics,VE 90 Schools,https://docs.google.com/spreadsheets/d/190Wc5EhVEJ4WDyWKIjEUSvVBdSq94IrCA6fYAEAPXPA/edit?usp=drivesdk
335,Kalikrishnanagar H.S School,Sepahijala,TBSE,Automotive,VE 90 Schools,https://docs.google.com/spreadsheets/d/1RMl6cF6vUkFVDJ3VDTZJEODnNX0i4UcqYvTVNbfqG1M/edit?usp=drivesdk
336,Pramode Nagar H.S School,Sepahijala,TBSE,IT-ITeS,VE 90 Schools,https://docs.google.com/spreadsheets/d/1TaLeFR3zb2KajAzPx8YaGx5_j0lujUAW8R-0cqsHW20/edit?usp=drivesdk
337,Lalsingmura H.S School,Sepahijala,TBSE,Agriculture,VE 90 Schools,https://docs.google.com/spreadsheets/d/1Ae-a7GjL1KTfExWVH4p4CHwGFk4Xbe0fgndNyoBRzH8/edit?usp=drivesdk
338,Melaghar English Medium H.S School,Sepahijala,CBSE,Information Technology,VE 90 Schools,https://docs.google.com/spreadsheets/d/1FjEM14IhWqzcGYnCS3vU5vAxm572lB0CB9aQA7rjQ5c/edit?usp=drivesdk
339,Purba Gakulnagar H.S School,Sepahijala,TBSE,IT-ITeS,VE 90 Schools,https://docs.google.com/spreadsheets/d/1UtIHReaRN78_YiMCVmRuMEF7xHIm722OOwkY_tN8l2w/edit?usp=drivesdk
340,Sonamura Eng. Med. H.S School,Sepahijala,CBSE,Information Technology,VE 90 Schools,https://docs.google.com/spreadsheets/d/1iDzr08Jj38WuDI5MT4hfrorieNK6iJVpd4QWMcTLQGs/edit?usp=drivesdk
341,Matinagar H.S School,Sepahijala,TBSE,Automotive,VE 90 Schools,https://docs.google.com/spreadsheets/d/1z1grJqRuGtNnC9hX6cQL6uI1safnoV687NytMKxdstE/edit?usp=drivesdk
342,Barnarayan Class-XII School,Sepahijala,TBSE,Agriculture,VE 90 Schools,https://docs.google.com/spreadsheets/d/12gMst3jJxWcwJ8UaW0rlaew0tfy4wkfDAlMsxKZdJlY/edit?usp=drivesdk
343,Kathalia Girls' H.S School,Sepahijala,TBSE,IT-ITeS,VE 90 Schools,https://docs.google.com/spreadsheets/d/13gVbJes154H7Ioc6p3z2MeEwCh6VbeUVWGirJx6hp_U/edit?usp=drivesdk
344,Ghaniamara Eng. Med. H.S School,Sepahijala,TBSE,IT-ITeS,VE 90 Schools,https://docs.google.com/spreadsheets/d/1GAH1N78_xvPFraXzLjnbJktHV55gyLnZGY5RSE7XP-w/edit?usp=drivesdk
345,P.K.C Para H.S School,Gomati,TBSE,IT-ITeS,VE 90 Schools,https://docs.google.com/spreadsheets/d/1_YyYED_uMd1znuZZosUxUE8PWhzWC47Dt3DyVckpW-0/edit?usp=drivesdk
346,Holakhet High School,Gomati,TBSE,Electronics,VE 90 Schools,https://docs.google.com/spreadsheets/d/1jzOyRPbo_xtW_RN7rSebUCXp16hGOn8oQLQKwvNHV5I/edit?usp=drivesdk
347,Noabari H.S School,Gomati,CBSE,Agriculture,VE 90 Schools,https://docs.google.com/spreadsheets/d/16_5gLRoV9tJkwnSIokp4GQ-pdkpCvo2PS_hFj7fgwUk/edit?usp=drivesdk
348,Silaichari H.S School,Gomati,CBSE,Information Technology,VE 90 Schools,https://docs.google.com/spreadsheets/d/1OfG9SUOgL7vdiviXu0MxrwXRU1pAp31phhBU4Ifcfcc/edit?usp=drivesdk
349,Palatana H.S School,Gomati,TBSE,IT-ITeS,VE 90 Schools,https://docs.google.com/spreadsheets/d/1P2Yfb-PfC5B2QgPlL8HkVdKkITWJi99VrWMq_q7Dy-k/edit?usp=drivesdk
350,Dr. Shymaprasad Mukharjee H.S School,Gomati,TBSE,Organised Retail,VE 90 Schools,https://docs.google.com/spreadsheets/d/1_V5ZvIbMysByR0QvB2JBqFQ86UT4f09m2AUXvZFIrxY/edit?usp=drivesdk
351,PMSHRI Bampur High School,Gomati,TBSE,Automotive,VE 90 Schools,https://docs.google.com/spreadsheets/d/1xCLgfGo799d64MpHQ9-hNmVSXdp5w1TKbD0Jv4z72zc/edit?usp=drivesdk
352,Patichari High School,Gomati,TBSE,Organised Retail,VE 90 Schools,https://docs.google.com/spreadsheets/d/1_JD_0ppoYW8i_Zps5d14RiAcfbPHAJvlY67HV25DUAI/edit?usp=drivesdk
353,PMSHRI Prahallad Sardar Para H.S School,Gomati,TBSE,Power,VE 90 Schools,https://docs.google.com/spreadsheets/d/19OJef_DMDkQbX3gF_kqKOXbX_JqrKCSkoKJz7OI7fz8/edit?usp=drivesdk
354,Gokulpur High School,Gomati,TBSE,Automotive,VE 90 Schools,https://docs.google.com/spreadsheets/d/1M_NwpdLoNuKZHvwDBK80IYOPIi-99Q_AC32oGZtFR60/edit?usp=drivesdk
355,Elmaira High School,Gomati,TBSE,Tourism & Hospitality,VE 90 Schools,https://docs.google.com/spreadsheets/d/1Nrma0_wBS5rOaMjp1AB32nUatPXpumiFKUUtBIo1mM0/edit?usp=drivesdk
356,Bagabasa High School,Gomati,TBSE,Tourism & Hospitality,VE 90 Schools,https://docs.google.com/spreadsheets/d/1T6-i4kXflWlc5K50Bz_fShk6WZsn-_MbbDTbwKPC0B0/edit?usp=drivesdk
357,PMSHRI Sabroom Girls' H.S School,South,TBSE,IT-ITeS,VE 90 Schools,https://docs.google.com/spreadsheets/d/1cjyhK3Dr2C_qOWaJtEcAToDgK5-Ox2mp2pc2xm3B3UY/edit?usp=drivesdk
358,Ludhua High School,South,TBSE,Electronics,VE 90 Schools,https://docs.google.com/spreadsheets/d/1ePZYMVrtAvYhgL503Ob2FcINzY4ZnEhY-899jQIK28g/edit?usp=drivesdk
359,Madhabnagar H.S. School,South,TBSE,Automotive,VE 90 Schools,https://docs.google.com/spreadsheets/d/17liYhNXAZPW-IEsykzb8_1Eiwu3wYibTIPDo4NSTWiI/edit?usp=drivesdk
360,Ishan Chandra Nagar H.S. School,South,TBSE,Tourism & Hospitality,VE 90 Schools,https://docs.google.com/spreadsheets/d/1AgF8xoGauQ_PFCwyMJKDVX7A61tKvYMNCG4gaJexEs0/edit?usp=drivesdk
361,Hrishyamukh H.S School (Bengali Medium),South,TBSE,Beauty & Wellness,VE 90 Schools,https://docs.google.com/spreadsheets/d/1OQLQrAuPKsBtuXU6Cde2_M8jgmb_JLRjobxoLCiI0P4/edit?usp=drivesdk
362,East Manughat Eng. Med. High School,South,TBSE,IT-ITeS,VE 90 Schools,https://docs.google.com/spreadsheets/d/1Qb79YpLrEf2asfaNFyRGlCj-pVUZD_uSY5pIb5qSZNY/edit?usp=drivesdk
363,South Bharat Chandra Nagar H.S School,South,TBSE,Power,VE 90 Schools,https://docs.google.com/spreadsheets/d/1kUqNaLZicGD5PkgHSqquuyzG5Fl3Fme2aQ9gV8pAXJ4/edit?usp=drivesdk
364,Harina Girl's High School,South,TBSE,IT-ITeS,VE 90 Schools,https://docs.google.com/spreadsheets/d/1clzU0mL2NfCimsoXThkWohGDHHfkElcaHVIZIejNqvg/edit?usp=drivesdk
365,PMSHRI Sachindra Garo Para High School,South,TBSE,Agriculture,VE 90 Schools,https://docs.google.com/spreadsheets/d/18NLmTNScEb8nSZ40haD-3PZ35AYHZSFWPrVhGCIqQ5o/edit?usp=drivesdk
366,Jalefa H.S School,South,TBSE,Power,VE 90 Schools,https://docs.google.com/spreadsheets/d/1Rx1KacrworR0YCEt1VJ7_M32OJn6I_IowgsJrGoJuto/edit?usp=drivesdk
367,Puran Rajbari H.S School,South,TBSE,Tourism & Hospitality,VE 90 Schools,https://docs.google.com/spreadsheets/d/1c_L0_X1Jr4CCM87YmRDe_pSLQSTA6QzKmU1Dk2HeiK8/edit?usp=drivesdk
368,Avangchara H.S School,South,TBSE,Organised Retail,VE 90 Schools,https://docs.google.com/spreadsheets/d/1jd8iEEqNtVljb1qamLZdCVR028NcvgmoTKuz8IUPLAk/edit?usp=drivesdk
369,Kukichara H.S. School,South,TBSE,Power,VE 90 Schools,https://docs.google.com/spreadsheets/d/1pZmhOa40o8eb2iEiE2tEFTt2X7KyF9NN3e-pFqGevuI/edit?usp=drivesdk
370,Srikanta Bari H.S School,South,TBSE,Beauty & Wellness,VE 90 Schools,https://docs.google.com/spreadsheets/d/1usZEWpcTfc0BiiPDjywQnKyHiqrGT3W0oE7HfGNdVx8/edit?usp=drivesdk
371,Bakbaki High School,North,TBSE,IT-ITeS,VE 16 Hub & Spoke Schools (P-II),https://docs.google.com/spreadsheets/d/12NeeuzS2-7POwR2Q2JUnbDtO-n9jAZoXwbqKE7e9YFk/edit?usp=drivesdk
372,Fatikroy Girls' High School,Unakoti,TBSE,IT-ITeS,VE 16 Hub & Spoke Schools (P-II),https://docs.google.com/spreadsheets/d/1XFCW91Qz9Ow_V8WwH_rP_sB_xbK8JG7osQ5cLaPahVo/edit?usp=drivesdk
373,Akshoymani Dhanicherra High school,Unakoti,TBSE,Electronics,VE 16 Hub & Spoke Schools (P-II),https://docs.google.com/spreadsheets/d/1iGtOsDLTmAy9toO8uf_b7vAh6bv-kYodNVy5MaTmupc/edit?usp=drivesdk
374,Kshetrichhara High School,Dhalai,TBSE,Organised Retail,VE 16 Hub & Spoke Schools (P-II),https://docs.google.com/spreadsheets/d/12hxbC_X7DhE0zKvoztDWrQQnWIrNWAYVkl1_F2GTKDo/edit?usp=drivesdk
375,Lambabil High School,Dhalai,TBSE,IT-ITeS,VE 16 Hub & Spoke Schools (P-II),https://docs.google.com/spreadsheets/d/1CmDXKpmVbRX3qQuZQh7eFiZuXW8MuDC2KdQHrr1o4bw/edit?usp=drivesdk
376,Ashokebon Col. High School,Khowai,TBSE,Agriculture,VE 16 Hub & Spoke Schools (P-II),https://docs.google.com/spreadsheets/d/1vFj-36PdeR5ZudKkE9PKk0W80mA3HZlyfx8pUyiqHEM/edit?usp=drivesdk
377,Chalitabari High School,Khowai,TBSE,IT-ITeS,VE 16 Hub & Spoke Schools (P-II),https://docs.google.com/spreadsheets/d/1ziF7vGOQYTJerThPwXjTkXecAipJvrXoRKNqmxXJlWQ/edit?usp=drivesdk
378,Subalsing High School,West,TBSE,Agriculture,VE 16 Hub & Spoke Schools (P-II),https://docs.google.com/spreadsheets/d/1d8LL_54LsNJOwxCx4bmqGSRZFMdJER5Fr_C2DPJlM6Y/edit?usp=drivesdk
379,Aralia High School,Sepahijala,TBSE,Agriculture,VE 16 Hub & Spoke Schools (P-II),https://docs.google.com/spreadsheets/d/1nmrhWulTbrIaNPzWzwnO8jn7a-KkELpFGZwDvrsMVhk/edit?usp=drivesdk
380,East Krisnanagar Girls High School,South,TBSE,IT-ITeS,VE 16 Hub & Spoke Schools (P-II),https://docs.google.com/spreadsheets/d/1msmpqGm7b1hH67EaF0mEyGAWPDJVgY8i85Wkwr7DKpA/edit?usp=drivesdk
381,Joykatpur High School,South,TBSE,IT-ITeS,VE 16 Hub & Spoke Schools (P-II),https://docs.google.com/spreadsheets/d/19vkVkzz_wscX-0XhwV3siFNd26dhYeej7HGGEz8zbLA/edit?usp=drivesdk
382,Tilabazar H.S. School,Unakoti,CBSE,Information Technology,55 VE Addl.(2nd Sector),https://docs.google.com/spreadsheets/d/10kf4HZk3MQAc_MVimwPXfMN-nsc-xRTJ0JBmZJpVh7w/edit?usp=drivesdk
383,Dhanasingh Chou. Mem.Eng. Med.H.S. School,Unakoti,CBSE,Electronics & Hardware,55 VE Addl.(2nd Sector),https://docs.google.com/spreadsheets/d/1CRWNIZxvwL_CfJWyuER56HlIyKbdw7u7htbqp8_8-RU/edit?usp=drivesdk
384,Baidhyanath Majumdar Smriti H.S. School,Unakoti,CBSE,Electronics & Hardware,55 VE Addl.(2nd Sector),https://docs.google.com/spreadsheets/d/1SrkajKTTaVZZ2zKcw5hpnNPpll7ho7cOQqKgvWGxPUU/edit?usp=drivesdk
385,Ledrai Dewan Class XII School,Unakoti,CBSE,Information Technology,55 VE Addl.(2nd Sector),https://docs.google.com/spreadsheets/d/1mqDUNR2KR5-_y48ic3QBBnqOSQqyGR5jJGJ2t4qxjbw/edit?usp=drivesdk
386,Bhadrapalli H.S. School,Unakoti,TBSE,Electronics,55 VE Addl.(2nd Sector),https://docs.google.com/spreadsheets/d/1nK4-h1MTVG5LnGgihkJUCEZppOvADMgIGf7XypIlf9A/edit?usp=drivesdk
387,Kathalchara TMC H.S. School,Dhalai,TBSE,Agriculture,55 VE Addl.(2nd Sector),https://docs.google.com/spreadsheets/d/1MiqNZ4XhH0yLMXs1LIS5RlBBkKVYJL2ElH8d_ju8DiQ/edit?usp=drivesdk
388,Hoku Twisa Eng. Med. H.S. School,Dhalai,CBSE,Electronics & Hardware,55 VE Addl.(2nd Sector),https://docs.google.com/spreadsheets/d/1oAc6IaEz8t7SXQH8WTvmvFasQVhDDYQPrPU3g3fC2Jk/edit?usp=drivesdk
389,Khowai Govt. H.S. School,Khowai,CBSE,Information Technology,55 VE Addl.(2nd Sector),https://docs.google.com/spreadsheets/d/1CY5qHfNHkOfHyVFagJSULYej9i-5VwUtQDyTfM8NuvY/edit?usp=drivesdk
390,Khowai Govt.Eng. Med Class XII School,Khowai,CBSE,Electronics & Hardware,55 VE Addl.(2nd Sector),https://docs.google.com/spreadsheets/d/1C__sjfo7ETW5JXmCM7ZE1H39qRy_yaDb8Pa2KCMbrsQ/edit?usp=drivesdk
391,Tulashikhar Rajnagar H/S School,Khowai,CBSE,Information Technology,55 VE Addl.(2nd Sector),https://docs.google.com/spreadsheets/d/1Y4pw5DU5JN2eFymfXuiNpwcsRYTV9pWTcZNk7iGZC5U/edit?usp=drivesdk
392,Bodhjung H.S School,West,CBSE,Information Technology,55 VE Addl.(2nd Sector),https://docs.google.com/spreadsheets/d/1BMb1Jhd8PbY4yn6C27MBKJCHoYqt8dsW_GY1zRkuseg/edit?usp=drivesdk
393,PMSHRI Kamalghat H.S. School,West,TBSE,IT-ITeS,55 VE Addl.(2nd Sector),https://docs.google.com/spreadsheets/d/1M9mLi1BD_Bx4QTHTUgC6565kSk1Iw-GAXa1WiOo97V4/edit?usp=drivesdk
394,Pallimangal H.S. School,West,CBSE,Electronics & Hardware,55 VE Addl.(2nd Sector),https://docs.google.com/spreadsheets/d/1Zrz-3yZANuFPP5b5EcbW4actePFDcX1MyPKY0JqzlvY/edit?usp=drivesdk
395,Tulamura H.S School,Gomati,TBSE,Agriculture,55 VE Addl.(2nd Sector),https://docs.google.com/spreadsheets/d/1sIvdcwZXAlm4qBakXL6zDB8AvdgkJan2dF5QvDVhd_w/edit?usp=drivesdk
396,Kirit Bikram Institution,Gomati,CBSE,Information Technology,55 VE Addl.(2nd Sector),https://docs.google.com/spreadsheets/d/1z_VfOOAsCJa7jrtYNxirBdp1lmf71P_loJi7-e9ujcc/edit?usp=drivesdk
397,Ampinagar H.S School,Gomati,TBSE,Organised Retail,55 VE Addl.(2nd Sector),https://docs.google.com/spreadsheets/d/19EkAH7ruFuEO5OOlTs0sR6GgGKhEOduHdNbDD98Oavw/edit?usp=drivesdk
398,Taidubari H.S School,Gomati,CBSE,Retail,55 VE Addl.(2nd Sector),https://docs.google.com/spreadsheets/d/1Hq5fWzpkKSlqZxNMBVNtBNRdYf0qsg7T9gHTZcpJsXU/edit?usp=drivesdk
399,Shalgara English Medium H/S School,Gomati,TBSE,Agriculture,55 VE Addl.(2nd Sector),https://docs.google.com/spreadsheets/d/1Rty5qm09RUgSvWcQaOjKGEW__HZT5lYIVBTOrXTgjds/edit?usp=drivesdk
400,Rajnagar Col. H.S School,South,CBSE,Information Technology,55 VE Addl.(2nd Sector),https://docs.google.com/spreadsheets/d/1VMsbOoS8KK9-EMHgHMIzW15TH9W1K4gaV5ov5OkO7Ts/edit?usp=drivesdk
401,Baikhora Eng. Med. H.S. School,South,CBSE,Electronics & Hardware,55 VE Addl.(2nd Sector),https://docs.google.com/spreadsheets/d/1VShFw_qnVBwjKNeSC7SxdWA7z3zQrGMH053YpAwlid4/edit?usp=drivesdk
402,Chalita Bankul Col. H.S. School,South,TBSE,Agriculture,55 VE Addl.(2nd Sector),https://docs.google.com/spreadsheets/d/1Ow_hQ8fSxvZt5KRxsXzxGFUche-H1cKvW9W-JuXOjKU/edit?usp=drivesdk
403,Debdaru H.S School,South,TBSE,Agriculture,55 VE Addl.(2nd Sector),https://docs.google.com/spreadsheets/d/1wRuyjaXktWaxJc4PVmkp7IazOFBTYNT6vx6R9DQQrOI/edit?usp=drivesdk
404,South Bharat Chandra Nagar H.S School,South,TBSE,Agriculture,55 VE Addl.(2nd Sector),https://docs.google.com/spreadsheets/d/1qQB41D4na-C1VEftc8hO-2EnyNzKc_ulZQyArFP8Q5o/edit?usp=drivesdk
405,Golden Valley H.S.School,North,CBSE,Information Technology,72 VE Schools,https://docs.google.com/spreadsheets/d/1mn28-D2OCO25_4R3pI8g82jRRNkzdKSVIL89Y34ClPM/edit?usp=drivesdk
406,Satnala H.S. School,North,CBSE,Information Technology,72 VE Schools,https://docs.google.com/spreadsheets/d/1E0XBfGMBlO0dRFQziKQV7Ldh9ugqxaiyMspJn6b5PV0/edit?usp=drivesdk
407,Uttar Laljuri Joysree H.S. School,North,TBSE,Agriculture,72 VE Schools,https://docs.google.com/spreadsheets/d/1JKQOQQ1UhlZ_l-q9kMIN6Ipib1sVyn7zgKX-Egmhkv0/edit?usp=drivesdk
408,Kanchanpur Govt. English Medium H.S. School,North,CBSE,Information Technology,72 VE Schools,https://docs.google.com/spreadsheets/d/1NcIiFWx0r2fDJcXhlPkjVgvcpDKti8tb5xiY8GrYWfQ/edit?usp=drivesdk
409,Baruakandi Col. H.S. School,North,TBSE,Electronics,72 VE Schools,https://docs.google.com/spreadsheets/d/1TdI94Ped1_IpfMPw1GqqbxGninIWZcJDGW1Y4Rynoig/edit?usp=drivesdk
410,Netaji Vidyapith Eng. Med. H.S. School,Unakoti,CBSE,Information Technology,72 VE Schools,https://docs.google.com/spreadsheets/d/1Ybq0JR19VRYE0gnbxAHFz7RFlDWT17jEbH5LblB7yjc/edit?usp=drivesdk
411,Dalugaon H.S. School,Unakoti,CBSE,Information Technology,72 VE Schools,https://docs.google.com/spreadsheets/d/1_5fK4XQ-QFUmty5YRSIMUEwDLkXABY-jA9cPR4M9hso/edit?usp=drivesdk
412,PMSHRI Hazibari Class XII School,Unakoti,TBSE,Electronics,72 VE Schools,https://docs.google.com/spreadsheets/d/105fyVg7r3vPezozja28zUYlL5Hd4LjAx-L5HnbtlP0Q/edit?usp=drivesdk
413,Vidyanagar H.S.School,Unakoti,TBSE,IT-ITeS,72 VE Schools,https://docs.google.com/spreadsheets/d/186lrE7hXfWK1bSB-U9toO5yOWQUFFcjMx6VArlFnFzI/edit?usp=drivesdk
414,Jarailtali H.S. School,Unakoti,TBSE,IT-ITeS,72 VE Schools,https://docs.google.com/spreadsheets/d/1DasjcuqjZz_GQVfY6lWQj9b9KGBK69XBKMyeTjuvg90/edit?usp=drivesdk
415,Kailashahar Girls H.S. School,Unakoti,TBSE,IT-ITeS,72 VE Schools,https://docs.google.com/spreadsheets/d/1IqVdww9m3Sqv5XSG8vTRLwQHXTTwy7rRR_yrNN0mTO8/edit?usp=drivesdk
416,Goldharpur R/S. H.S School,Unakoti,TBSE,IT-ITeS,72 VE Schools,https://docs.google.com/spreadsheets/d/1Neb_mV0OymNbHyLGearXmhmAchjILfq2JFWGvYHooN0/edit?usp=drivesdk
417,PMSHRI Chandraipara Class XII School,Dhalai,TBSE,Agriculture,72 VE Schools,https://docs.google.com/spreadsheets/d/1WpgevCnneKztsK2IExSG1krH145mgR_-94PugARmqOQ/edit?usp=drivesdk
418,Durbajoy Chow. Para High School,Dhalai,TBSE,IT-ITeS,72 VE Schools,https://docs.google.com/spreadsheets/d/1eAYMdj82jVKYrW80x4jYyqVo4BJQTYmIrX8tvn3Uw9Y/edit?usp=drivesdk
419,Ambassa English Medium Model School,Dhalai,CBSE,Electronics & Hardware,72 VE Schools,https://docs.google.com/spreadsheets/d/1f_RYAU3FXc2GjwP8Es1_rD77d1fvDDBP9LHMwrLmnJs/edit?usp=drivesdk
420,Kamalpur Madrasa Class XII School,Dhalai,TBSE,Power,72 VE Schools,https://docs.google.com/spreadsheets/d/1obroxwqF-tya-GQf_0RyNivHNKvSHr1nOWFRO3q64TA/edit?usp=drivesdk
421,Kamalpur Class XII School,Dhalai,TBSE,Automotive,72 VE Schools,https://docs.google.com/spreadsheets/d/1pSTZOdnYcjU5izCEFQY_WBfOvZpgQ472BEXJS4s7mAQ/edit?usp=drivesdk
422,Bijoygiri Dewan Para High School,Dhalai,TBSE,IT-ITeS,72 VE Schools,https://docs.google.com/spreadsheets/d/1tZ1KhSUyQnfyd3ebdu90uUVvFJlHD_gn60lFtHh-RC8/edit?usp=drivesdk
423,Purba Bullong Basa High School,Dhalai,TBSE,IT-ITeS,72 VE Schools,https://docs.google.com/spreadsheets/d/1ujCU9GRPReeOzvB4uvNSPpnTxxENjQTvgdfuK936io4/edit?usp=drivesdk
424,Karamcherra High School,Dhalai,TBSE,Electronics,72 VE Schools,https://docs.google.com/spreadsheets/d/1-4HRpQqTVYkRXV8iLgCLxWFo99vXzIJRucQGTozXmCQ/edit?usp=drivesdk
425,West Daluchara High School,Dhalai,TBSE,Organised Retail,72 VE Schools,https://docs.google.com/spreadsheets/d/118fI3xHlG9ixhqiOouBCHhDx4ySZPOCWTRC_hkOvgoQ/edit?usp=drivesdk
426,Noagaon High School,Dhalai,TBSE,IT-ITeS,72 VE Schools,https://docs.google.com/spreadsheets/d/13PrLRW8kU0syfo2mCj3xJkmWBR1W1XvUhTcZJbSekFU/edit?usp=drivesdk
427,Chebri High School,Khowai,TBSE,Agriculture,72 VE Schools,https://docs.google.com/spreadsheets/d/14PBjy8IwenvjOIc-TDpAtCW5ZaCvlp13lrBdBsAO-08/edit?usp=drivesdk
428,Ratanpur H.S. School,Khowai,TBSE,Electronics,72 VE Schools,https://docs.google.com/spreadsheets/d/15SxpghF6zrncY_i2ulOgJsdWyo3gmg6NXS54L09jEVI/edit?usp=drivesdk
429,Metharai Reangbari High School,Khowai,TBSE,IT-ITeS,72 VE Schools,https://docs.google.com/spreadsheets/d/1B4QdTa3ooVr6xKTBA-Szbdhos9bcT4nrixYzFUovOVk/edit?usp=drivesdk
430,PMSHRI Battali High School,Khowai,TBSE,Electronics,72 VE Schools,https://docs.google.com/spreadsheets/d/1EZFnjHTfglGH4AXwK_UC2zlPHNRnzyCWp4UDP2Byxj8/edit?usp=drivesdk
431,Binan Hazari Para High School,Khowai,TBSE,Agriculture,72 VE Schools,https://docs.google.com/spreadsheets/d/1FKCmJm2vapfCvIpii9LiW6YjHqkQBY3dCsPdS-kPiVw/edit?usp=drivesdk
432,Gouranga Tilla H.S. School,Khowai,TBSE,Agriculture,72 VE Schools,https://docs.google.com/spreadsheets/d/1MzhLFMnEIpGSzWz1IW1JCoslYw2SOS8tTbn6EpZK944/edit?usp=drivesdk
433,Rammanik S.P. High School,Khowai,TBSE,Agriculture,72 VE Schools,https://docs.google.com/spreadsheets/d/1PbFE7R3PBmthFVo8IfMLehEsZslr9JUzpEimXCyWQbI/edit?usp=drivesdk
434,Ganki H.S. School,Khowai,TBSE,Electronics,72 VE Schools,https://docs.google.com/spreadsheets/d/1R8Obr1bW7j9mDrQvEM-hBpXZoQKSkl7Q5XDC62OwVVg/edit?usp=drivesdk
435,Teliamura English Medium H.S. School,Khowai,CBSE,Agriculture,72 VE Schools,https://docs.google.com/spreadsheets/d/1RH84GXpHhcN6chGMcLf44bpWRQR75_5e7sxVxr9OxgM/edit?usp=drivesdk
436,Birchandrapur H.S. School,Khowai,CBSE,Agriculture,72 VE Schools,https://docs.google.com/spreadsheets/d/1XfWmoORKwEn88KVyXdq2Ao85rG-i6DXS36m-RUxRADI/edit?usp=drivesdk
437,North Ghilatali (Ratia) H.S. School,Khowai,TBSE,IT-ITeS,72 VE Schools,https://docs.google.com/spreadsheets/d/1XoSP_GKa66SDBIXkM9cbgRuVFUQklBRbcm8C8qHIBmM/edit?usp=drivesdk
438,Sukhamoy H.S. School,West,TBSE,Tourism & Hospitality,72 VE Schools,https://docs.google.com/spreadsheets/d/1ZwU5OsGH-jwLVla4A4dj5inqB4yPgeC2rjB2LzL7c-0/edit?usp=drivesdk
439,Dr.B.R Ambedkar Vidyabhaban Hs,West,CBSE,Retail,72 VE Schools,https://docs.google.com/spreadsheets/d/1oqXBawK5RACihjovZju8EkeCCz4Rvu58e-r5dSKKEEk/edit?usp=drivesdk
440,Rajnagar H.S. School,West,TBSE,Agriculture,72 VE Schools,https://docs.google.com/spreadsheets/d/1qui0m9x85NxTKQjKjTrYzDKpFbqqg-6fFSifoQaOLe4/edit?usp=drivesdk
441,Hapania H.S. School,West,TBSE,Agriculture,72 VE Schools,https://docs.google.com/spreadsheets/d/1rZE3jxXodmz3FWD0tHVO-xgl6D7thL07adaCwhnm5Ok/edit?usp=drivesdk
442,Ananda Vidya Niketan H.S. School,West,TBSE,IT-ITeS,72 VE Schools,https://docs.google.com/spreadsheets/d/1wIh8a9pi-PsPO2vV_B8wS9sk-v-8MPUPBs7eS2LHw5M/edit?usp=drivesdk
443,Barjala H.S. School,West,TBSE,Automotive,72 VE Schools,https://docs.google.com/spreadsheets/d/11SGc9_keIFWj7V7BHZ6dZ8z0HP_aUJ7hCB8wXjOZzNc/edit?usp=drivesdk
444,Taltala H.S. School,West,TBSE,IT-ITeS,72 VE Schools,https://docs.google.com/spreadsheets/d/13DS8lOLviEC1fWHz6Ab6jHRN9OsoVMaZfPNdw77evaY/edit?usp=drivesdk
445,Madhuban (Dukli) H.S. School,West,TBSE,IT-ITeS,72 VE Schools,https://docs.google.com/spreadsheets/d/19gj5C8NgT-tPztWybtb3buXIrO11eei_vetwMbqel64/edit?usp=drivesdk
446,Gopalnagar H.S. School,West,TBSE,Automotive,72 VE Schools,https://docs.google.com/spreadsheets/d/1H8j0z5DCH61c-HoS7nXGmILv3oQS-LCq185I-z_h0FY/edit?usp=drivesdk
447,Laxman Dhepa H.S. School,Sepahijala,TBSE,Agriculture,72 VE Schools,https://docs.google.com/spreadsheets/d/1HQlUBpCgX1IAmQPfTNSrH69IGN7RcooczoITsHtHguo/edit?usp=drivesdk
448,Kumaria Kucha H.S. School,Sepahijala,TBSE,IT-ITeS,72 VE Schools,https://docs.google.com/spreadsheets/d/1Kp84h3Ov5UvBp8ARJwgJ9m0KMNUqi38fD1DQ7l6CW9I/edit?usp=drivesdk
449,Veluarchar H.S. School,Sepahijala,TBSE,Agriculture,72 VE Schools,https://docs.google.com/spreadsheets/d/1Q9qPqDhThuSJobbvhYKfFnsPCK-bdLH2ttDrRuYqXe4/edit?usp=drivesdk
450,Konaban West Class-XII School,Sepahijala,TBSE,IT-ITeS,72 VE Schools,https://docs.google.com/spreadsheets/d/1RP1pGyi9JFjN7dfUFH5yVMpzT7_YgwecTDQJq78ku88/edit?usp=drivesdk
451,Adwaita Malla Barman Smriti Class XII School,Sepahijala,TBSE,Agriculture,72 VE Schools,https://docs.google.com/spreadsheets/d/1ReXxBZ400rcHq4OG08IHoVMpcnldZxf7jiMd1C4xJQk/edit?usp=drivesdk
452,Rangamatia (S) H.S. School,Sepahijala,TBSE,Agriculture,72 VE Schools,https://docs.google.com/spreadsheets/d/1TL9rVAUWd90vLivFs7KkU4j9-8Vo-jcMsW9niD922aY/edit?usp=drivesdk
453,Santinagar H.S. School,Sepahijala,TBSE,IT-ITeS,72 VE Schools,https://docs.google.com/spreadsheets/d/1Vqih-nD29K1avcWUNxQDGQMej7F2KISN_7Ud7PPMlu4/edit?usp=drivesdk
454,Champamura H.S. School,Sepahijala,TBSE,IT-ITeS,72 VE Schools,https://docs.google.com/spreadsheets/d/1dvUIP0yUGzpRSqnbwsMm_-0cl6dTWaHTljrZzFFmRPQ/edit?usp=drivesdk
455,Debipur H.S. School,Sepahijala,TBSE,IT-ITeS,72 VE Schools,https://docs.google.com/spreadsheets/d/1f-TDTs_9oedO6L-MLD7uUvTw2_pZXOjS_vpoQnpYe8s/edit?usp=drivesdk
456,Telkajla H.S. School,Sepahijala,TBSE,Agriculture,72 VE Schools,https://docs.google.com/spreadsheets/d/1gPi9tkq6RmT4Vhr7HUqT1MChPvkrgAZLfYKWNeUknoY/edit?usp=drivesdk
457,Amarpur English Med. H.S. School,Gomati,CBSE,Information Technology,72 VE Schools,https://docs.google.com/spreadsheets/d/1gTTW6SSK_7fUsbGLwdQj6gS9dvoksWn9DP5g5Wx8Xj0/edit?usp=drivesdk
458,PMSHRI Hazachari H.S. School,Gomati,TBSE,IT-ITeS,72 VE Schools,https://docs.google.com/spreadsheets/d/1h37Uo9VttWPEUbaHtyRsmwF7OncGyEPbeU8zmRK44gg/edit?usp=drivesdk
459,Gangachara H.S. School,Gomati,TBSE,Beauty & Wellness,72 VE Schools,https://docs.google.com/spreadsheets/d/1hDE7lVaYv4q8DKP7yxwrb-KhbZmhU5lr-mkFww5ZGmw/edit?usp=drivesdk
460,Udaipur English Medium H.S. School,Gomati,CBSE,Information Technology,72 VE Schools,https://docs.google.com/spreadsheets/d/1igUNDXVJ6UB3muDVXkOjE41ApC-Jrr_n10QV-enKBm4/edit?usp=drivesdk
461,Ghorakappa H.S. School,Gomati,TBSE,Agriculture,72 VE Schools,https://docs.google.com/spreadsheets/d/1jo6lcRQ9gTsaP3kiMwLyzJeTuVcGgfp6TJ15fnQ_IKo/edit?usp=drivesdk
462,Paikhola H.S. School,South,TBSE,Agriculture,72 VE Schools,https://docs.google.com/spreadsheets/d/1mJz3ecJtx78uKNoBTHPCR3hSikRs0roDJVwP0S-VrcQ/edit?usp=drivesdk
463,Uttar Bharat Chandra Nagar H.S. School,South,TBSE,IT-ITeS,72 VE Schools,https://docs.google.com/spreadsheets/d/1rifUFNoBsv3d6vUvzRf9b74woUn5Ew4KW530o5hbdcg/edit?usp=drivesdk
464,Harina H.S. School,South,TBSE,IT-ITeS,72 VE Schools,https://docs.google.com/spreadsheets/d/17X3_p0K9gZu4VeTKoJHcg6PVxNBTqJNdcS2sP-c2l3U/edit?usp=drivesdk
465,Sabroom English Medium H.S. School,South,CBSE,Electronics & Hardware,72 VE Schools,https://docs.google.com/spreadsheets/d/1Efui2njzj7ANvioMx7CqtFaJZms-Z8KEbSZHSlv8btw/edit?usp=drivesdk
466,West Bokafa H.S. School,South,TBSE,Agriculture,72 VE Schools,https://docs.google.com/spreadsheets/d/1F05ws1tvK2eF4gvhHtjg2WHOaQHV7Sh9LhsERmGz-LE/edit?usp=drivesdk
467,No-2 Jalefa H.S. School,South,TBSE,Electronics,72 VE Schools,https://docs.google.com/spreadsheets/d/1IHlpU-hq2_PsOx6vM7MS7y2Gb6OaLZzD2k7HTvgpwG0/edit?usp=drivesdk
468,Krishna Nagar H.S. School,South,TBSE,Tourism & Hospitality,72 VE Schools,https://docs.google.com/spreadsheets/d/1R7k4xOzHwsLh8XIAR6OpOHgbwTpRWiWdp2o_7DIm-8o/edit?usp=drivesdk
469,Charakbai H.S. School,South,TBSE,Agriculture,72 VE Schools,https://docs.google.com/spreadsheets/d/1XkuhsD3uZlrPzL7EvoZpcH4K9-4PDUx_Gz-6EgvCgWY/edit?usp=drivesdk
470,Nishi Kr. Murasing Para H.S. School,South,TBSE,Agriculture,72 VE Schools,https://docs.google.com/spreadsheets/d/1ZH5ZOOq4WvbZD09ImIXXXvB9qf17ZcfrbNl5lqRCTZs/edit?usp=drivesdk
471,Abhoynagar H.S. School,South,TBSE,IT-ITeS,72 VE Schools,https://docs.google.com/spreadsheets/d/1d0rIzp2F5G8Bg769ERO9BO6p9bqVtHcYGZQ6q1BS7Rk/edit?usp=drivesdk
472,Ghosh Khamar H.S. School,South,TBSE,Power,72 VE Schools,https://docs.google.com/spreadsheets/d/1hMcj2dxdy5dA3CsTfkhMGp9kxMknWIXZALf1tFnP59o/edit?usp=drivesdk
473,Satchand H.S. School,South,TBSE,Electronics,72 VE Schools,https://docs.google.com/spreadsheets/d/1j8gFWR1KH1Y3B-LrNMzy2A5D0DVmgU5yqS5WvC7N4WE/edit?usp=drivesdk
474,Lukhu H.S. School,South,TBSE,Power,72 VE Schools,https://docs.google.com/spreadsheets/d/1ltjoTAu6_FLrcQnlQQl5yon3TUDfdpJ9Donl_L4t6Dc/edit?usp=drivesdk
475,Belonia Girls H.S. School,South,TBSE,Beauty & Wellness,72 VE Schools,https://docs.google.com/spreadsheets/d/1msD4PSrtoU1krOkMisyWRJsK-9nnCMA5rc9zjKn0lqc/edit?usp=drivesdk
476,Chottakhola H.S. School,South,TBSE,IT-ITeS,72 VE Schools,https://docs.google.com/spreadsheets/d/1sxEOSnekT72qGP5ywG6pkQTcst-gWUobSGQYLK5st30/edit?usp=drivesdk
477,South Fulbari High. School.,North,TBSE,Electronics,102 VE Schools,https://docs.google.com/spreadsheets/d/1LzgTy6pm-xCgfJVAWctiTt_W8bUsGt6iSoMEFNTM9Eo/edit?usp=drive_link
478,East Padmabill High School,North,TBSE,Agriculture,102 VE Schools,https://docs.google.com/spreadsheets/d/1WcJQodnF16Ea3nr8exgnNp3KI8lczMhEGWOQ67z_LlY/edit?usp=drivesdk
479,Rowa High School,North,TBSE,IT-ITeS,102 VE Schools,https://docs.google.com/spreadsheets/d/1_Jetl1tdIQri52SH1J4spugrHnpzmQ4ntM1DqruDkrw/edit?usp=drivesdk
480,Fatikroy Class Xii School,Unakoti,TBSE,IT-ITeS,102 VE Schools,https://docs.google.com/spreadsheets/d/153lOnxst4kqiejXMS_RuMGvkijS_wRXmqdK6nE-6QsA/edit?usp=drivesdk
481,Darchawi Christian H.S. School,Unakoti,TBSE,Electronics,102 VE Schools,https://docs.google.com/spreadsheets/d/173x2pss8B0u-rzmZqJdedBPvzb7VezFPvSaNwUfU8Aw/edit?usp=drivesdk
482,R.K.Shiksha Pratisthan School,Unakoti,TBSE,IT-ITeS,102 VE Schools,https://docs.google.com/spreadsheets/d/1ALaZtWUKXXfs0IH2NLJ4FF54z3qeG5KFBDIXv2zPnWU/edit?usp=drivesdk
483,Rangauti High School,Unakoti,TBSE,Electronics,102 VE Schools,https://docs.google.com/spreadsheets/d/1NH_kwC2klzW0rnqcjLWe4bgmfFcvWKgmZep2xy439_g/edit?usp=drivesdk
484,Sishu Niketan,Unakoti,TBSE,IT-ITeS,102 VE Schools,https://docs.google.com/spreadsheets/d/1cpAPrdOFsnJGiHiDBNJig8BRrkL4HQFvmk3Yw8kgElY/edit?usp=drivesdk
485,North Nalichara High School,Dhalai,TBSE,IT-ITeS,102 VE Schools,https://docs.google.com/spreadsheets/d/1FAkIeBRy6v-WNBtc7HW9xAoxDgAi18qfZI20Dr9UWec/edit?usp=drivesdk
486,Balaram Hs School,Dhalai,TBSE,Agriculture,102 VE Schools,https://docs.google.com/spreadsheets/d/1i9LaDjfpVN7xcEakXWaQRR7-vuVr1To8WtVVrZ1a89k/edit?usp=drivesdk
487,Hezacherra Hs School,Dhalai,TBSE,Electronics,102 VE Schools,https://docs.google.com/spreadsheets/d/1lndZo7ALmvli0-W727a0hkmCNAKDvSNUBeRYmz4fjeE/edit?usp=drivesdk
488,Harachandra Class Xii School,Dhalai,TBSE,Power,102 VE Schools,https://docs.google.com/spreadsheets/d/1mdOLkQoY2nKJZs0-SMPo8ZczoCF6A3Kax4OosINFGag/edit?usp=drivesdk
489,Twikarma Twisa High School,Dhalai,TBSE,IT-ITeS,102 VE Schools,https://docs.google.com/spreadsheets/d/1p8F3YpAsU62kbuDYiipfjmS0EDC0W_nBOrJZBuFzND8/edit?usp=drivesdk
490,Fulchari High School,Dhalai,TBSE,Electronics,102 VE Schools,https://docs.google.com/spreadsheets/d/1J41CK0fVJyqSDs0EHyjIBpo8GqIazlKcxD4IPkPiZVY/edit?usp=drivesdk
491,Marachara High School,Dhalai,TBSE,Electronics,102 VE Schools,https://docs.google.com/spreadsheets/d/1f-HaDNrZn_u0P_NSlSYqmjuFN8_zVUNyC3y7o5BfwOE/edit?usp=drivesdk
492,Nakful Col. High School,Dhalai,TBSE,IT-ITeS,102 VE Schools,https://docs.google.com/spreadsheets/d/1hzekvZYFe_0-htulXZF9zBH34VPU6_3KDJVHyVhvUDc/edit?usp=drivesdk
493,Banbazar High School,Khowai,TBSE,IT-ITeS,102 VE Schools,https://docs.google.com/spreadsheets/d/1kTsxbAr8w055Pyc_C83Ei5Z_qheWqyP2lV7SOj2cfos/edit?usp=drivesdk
494,Swaranjoy Chow. Para High School,Khowai,TBSE,IT-ITeS,102 VE Schools,https://docs.google.com/spreadsheets/d/1oa5IIPsKgjNskog8BakwOGmgkCJFLSRYDCTyWUnBTdQ/edit?usp=drivesdk
495,Netaji Nagar High School,Khowai,TBSE,Electronics,102 VE Schools,https://docs.google.com/spreadsheets/d/18chiQcw8Hw33NrUJvx53t4P2M9J7udBlQQbn6dqHido/edit?usp=drivesdk
496,Vivekananda H/S School,Khowai,TBSE,Electronics,102 VE Schools,https://docs.google.com/spreadsheets/d/1OeTJphqxmjz07H4_k8C4TR912se4-I_ocxJ4nw0Rby4/edit?usp=drivesdk
497,PMSHRI Tuimadhu High School,Khowai,TBSE,Electronics,102 VE Schools,https://docs.google.com/spreadsheets/d/1bpaVn1nY6aFhqpg4kefPaVtirOHEIetlmIZfSkVKyjw/edit?usp=drivesdk
498,Paschim Rajnagar High School,Khowai,TBSE,Electronics,102 VE Schools,https://docs.google.com/spreadsheets/d/1dpBEm6JyLkGFoTAjz41PcnlYjkMmzUrMiqgxERCisOk/edit?usp=drivesdk
499,Madhya Bhubanban H.S. School,West,TBSE,Electronics,102 VE Schools,https://docs.google.com/spreadsheets/d/1sKrTt7xQH008dzQxvRxnTG04Z2mxy-Yen2PjbURVoyg/edit?usp=drivesdk
500,Abhoynagar N.S Vidyalaya HS School,West,TBSE,IT-ITeS,102 VE Schools,https://docs.google.com/spreadsheets/d/1QI7269spgbHzRtWfskvyR_VaeY4D_8yv9Ewz-0ARFh8/edit?usp=drivesdk
501,Netaji Subhas Vidyaniketan H.S School,West,TBSE,IT-ITeS,102 VE Schools,https://docs.google.com/spreadsheets/d/1VQOQ4X5MsSMWi3Mplr8ih9wjYZTVeqDJJOHlpMICAzk/edit?usp=drivesdk
502,Sankaracharya Vidyayatan (Girls') HS School,West,TBSE,Electronics,102 VE Schools,https://docs.google.com/spreadsheets/d/1q2A1XAA9VsT_FZK35Qo4ghIPE24s9m6Ioky2INw7Q9s/edit?usp=drivesdk
503,Fatik Chhara English Medium H.S. School,West,TBSE,Organised Retail,102 VE Schools,https://docs.google.com/spreadsheets/d/1qs-ie37-VZju2Cj1rSLr1Kfj1wVxF-ttNtn9K1WVmek/edit?usp=drivesdk
504,Sanghati Vidyamandir Eng.Med. H. S School,West,TBSE,Agriculture,102 VE Schools,https://docs.google.com/spreadsheets/d/1ySyH30hy73JJWUCY2DMr11oTgiLdL2axFDRxFuyc4no/edit?usp=drivesdk
505,Patunagar H.S. School,West,TBSE,Electronics,102 VE Schools,https://docs.google.com/spreadsheets/d/13-4W_VKfERoTF2_m5svjrnvsNaPHArvI41mO3AZV6Ho/edit?usp=drivesdk
506,Bhagat Sing Hindi Eng Medium H.S. School,West,CBSE,Information Technology,102 VE Schools,https://docs.google.com/spreadsheets/d/19f63SzizqQj97cwY4s90KY30AtiiWdgZ_FXwXGUCRkA/edit?usp=drivesdk
507,Kshudiram Basu English Medium School,West,CBSE,Information Technology,102 VE Schools,https://docs.google.com/spreadsheets/d/1RcOY2inljp0UqsGC82ahHNfOjT9SFtptmKoU_8R8ZBM/edit?usp=drivesdk
508,PMSHRI North Brajapur H.S School,Sepahijala,TBSE,IT-ITeS,102 VE Schools,https://docs.google.com/spreadsheets/d/1SvYUvs8fAdGCS25_xVWEskWRpmXG3QzR22ZwBIEn5_0/edit?usp=drivesdk
509,Karaiamura H S School,Sepahijala,TBSE,IT-ITeS,102 VE Schools,https://docs.google.com/spreadsheets/d/1t_i76Wb-SQ-HDmnv31lUjalbmx71WBWFgxCn9FzCMxk/edit?usp=drivesdk
510,Sarbongbari H.S school,Gomati,TBSE,Organised Retail,102 VE Schools,https://docs.google.com/spreadsheets/d/1QMNkmG9e5E-XU6sdbw4rnoSFMprRCaiiny_IDzdTRJI/edit?usp=drivesdk
511,Udaipur Ramaesh English Medium H.S School,Gomati,TBSE,IT-ITeS,102 VE Schools,https://docs.google.com/spreadsheets/d/1fKA5IPVBy-bPGKwLfgbGRhqK4QCQvwku338LtGiCgXw/edit?usp=drivesdk
512,Kawamaraghat High School,Gomati,TBSE,Electronics,102 VE Schools,https://docs.google.com/spreadsheets/d/1imi77krHd4QuXvYq9a8iJW6YJLL_69rAUCNdh-H8oko/edit?usp=drivesdk
513,Jambukbari High School,Gomati,TBSE,IT-ITeS,102 VE Schools,https://docs.google.com/spreadsheets/d/1tuV0yjluwOMzte3SGd6JOhsRusLnNa471LBV8Z78KGE/edit?usp=drivesdk
514,Karbook English Med. Model H. S. School,Gomati,CBSE,Electronics & Hardware,102 VE Schools,https://docs.google.com/spreadsheets/d/1yPkWGJVFHqKGgGX3hfvuNvT4XLJLDSiskGulvMDfxG8/edit?usp=drivesdk
515,Sirish Ch. Para Girls High School,Gomati,TBSE,IT-ITeS,102 VE Schools,https://docs.google.com/spreadsheets/d/18InjX1THbkZiZXD7QSrhfokcDp9_AwdF6oE9mWExCNo/edit?usp=drivesdk
516,Jolaibari High School,Gomati,TBSE,Organised Retail,102 VE Schools,https://docs.google.com/spreadsheets/d/1dWOf-2phVyYUKBFrp7aHipAiy-OFnZI-z88UWU7WgQA/edit?usp=drivesdk
517,Amtali High School,Gomati,TBSE,Agriculture,102 VE Schools,https://docs.google.com/spreadsheets/d/1Di9PSd81GA8N5dt2HqAVj4NY8GlCD4QKR701Ml5dqP4/edit?usp=drivesdk
518,Barabhaiya High School,Gomati,TBSE,Organised Retail,102 VE Schools,https://docs.google.com/spreadsheets/d/1FhcuswoF6ckSxwlUAK8GknL1312R84bS6AEeq9r0Roo/edit?usp=drivesdk
519,Harianandha Eng. Med. H.S. School,Gomati,CBSE,Information Technology,102 VE Schools,https://docs.google.com/spreadsheets/d/1NmU8JwN4rS7gIBx4TUnyAL2mSvrsx3zzzrv29j6FNuw/edit?usp=drivesdk
520,Jolaibari H.S School,South,TBSE,Electronics,102 VE Schools,https://docs.google.com/spreadsheets/d/1UyjfBwrduccrRs34uH_3KF1ROEC_1wd7kqgcm97_w5M/edit?usp=drivesdk
521,Belonia Vidyapith H.S. School,South,TBSE,IT-ITeS,102 VE Schools,https://docs.google.com/spreadsheets/d/1pdt_yOAhpe48tk_nNF0L7NfRFvvaswZBAB0a06qd_CY/edit?usp=drivesdk
522,South Sonaichari H.S. School,South,TBSE,Electronics,102 VE Schools,https://docs.google.com/spreadsheets/d/1-K70VzzJm7F2tbNCksX5IcMZ2FVBxKvklroe6BugOx0/edit?usp=drivesdk
523,Shyamsing Hs School,South,TBSE,IT-ITeS,102 VE Schools,https://docs.google.com/spreadsheets/d/1-XMv9NDcdTxVD_0CuiKD4ng2ht5luog5sC9-5C3i0rU/edit?usp=drivesdk
524,B.K. Institution,South,CBSE,Information Technology,102 VE Schools,https://docs.google.com/spreadsheets/d/124YvWd5wF6rvgNehyc7Oy1GveDOianT0ktuX5PiD15Y/edit?usp=drivesdk
525,Muhuripur English Medium HS School,South,TBSE,Agriculture,102 VE Schools,https://docs.google.com/spreadsheets/d/1WPHlzLoCI7L0b2ejbG46JaZtU5YNYddCagZxCWqSaVI/edit?usp=drivesdk
526,Sarashima H.S. School,South,TBSE,Power,102 VE Schools,https://docs.google.com/spreadsheets/d/1wiWKXb8rw5dhETe5N9G02ewgfmt-LWXXGfj4F88x30E/edit?usp=drivesdk
527,PMSHRI Gabtali High School,South,TBSE,Electronics,102 VE Schools,https://docs.google.com/spreadsheets/d/15DLx1BvXBG7emCNk3Gsedkja6oS-W5oAXJoPDpMD-s8/edit?usp=drivesdk
528,Satrughna Para H.S. School,South,TBSE,IT-ITeS,102 VE Schools,https://docs.google.com/spreadsheets/d/1E9CU0WegGklnjHiTZwTn-wIA2EnHCm6AU4nN2zUgHRU/edit?usp=drivesdk
529,Baghan H.S.School.,North,TBSE,IT-ITeS,102 VE Schools,https://docs.google.com/spreadsheets/d/1QAivQPKGWAKPSpasazSWTyLcz8vmhTm-M6F0vjNYG-8/edit?usp=drivesdk
530,Lalcherra H.S School.,North,TBSE,Agriculture,102 VE Schools,https://docs.google.com/spreadsheets/d/1coYAm3R74mGKDPo4RAQWaelrBiojqWauU2pl3lGvrtE/edit?usp=drivesdk
531,Jalabasa H/S School.,North,TBSE,IT-ITeS,102 VE Schools,https://docs.google.com/spreadsheets/d/1fy7EzoPKIE9LfNX_VzfY6UtijcVPV-pglcYr0uJOtSQ/edit?usp=drivesdk
532,Srirampur S.M. H.S. School,Unakoti,CBSE,Electronics & Hardware,102 VE Schools,https://docs.google.com/spreadsheets/d/1NJxeugqZ7RHsztEmDRgoB14yuE59uBNeIY0iO9LgbIQ/edit?usp=drivesdk
533,Nabincherra H.S. School,Unakoti,TBSE,Power,102 VE Schools,https://docs.google.com/spreadsheets/d/1NOyHz-W35YDVZE6TDwP94XAaXUTL6jUN-ymJWnTdipk/edit?usp=drivesdk
534,Dhanbilash H.S. School,Unakoti,TBSE,Electronics,102 VE Schools,https://docs.google.com/spreadsheets/d/1QvXabq6wD4rjKpEuUjKQD0c9VXNjBrG_HptqU_HcI_g/edit?usp=drivesdk
535,Ramkamal H.S. School,Unakoti,TBSE,IT-ITeS,102 VE Schools,https://docs.google.com/spreadsheets/d/1Rn-KKAhyF2cATM71FU2PgXKODsM9D82hW43d2zuFw44/edit?usp=drivesdk
536,Irani High School,Unakoti,TBSE,Electronics,102 VE Schools,https://docs.google.com/spreadsheets/d/1xKn9_wLpay-kXbVQFu16fLt4A9PzDsjPz3LGWS1pIhY/edit?usp=drivesdk
537,Krishnanagar Bm High School,Unakoti,TBSE,Electronics,102 VE Schools,https://docs.google.com/spreadsheets/d/19vAtprAGOd9in51Yzc9jkEg782pgIMeCVXMpTpHoRus/edit?usp=drivesdk
538,Sripur High School,Unakoti,TBSE,Electronics,102 VE Schools,https://docs.google.com/spreadsheets/d/1VG5DD6sZ8nHAcDNm2rA-Pr31Xf0CPuBjfVl42wbrOgU/edit?usp=drivesdk
539,Chawmanu Class Xii School,Dhalai,CBSE,Information Technology,102 VE Schools,https://docs.google.com/spreadsheets/d/1mJkob4a-Uqh98MGFUFPVPCwf2vrU6wiWMc1UuNra8hQ/edit?usp=drivesdk
540,Twikarma Twisa Class Xii School,Dhalai,TBSE,Electronics,102 VE Schools,https://docs.google.com/spreadsheets/d/1wN7Z9Mz1by7_M3uSXAmnFN4Zutz89NEtkgE-s5vEX-U/edit?usp=drivesdk
541,Manughat Class Xii School,Dhalai,TBSE,Electronics,102 VE Schools,https://docs.google.com/spreadsheets/d/1z2if0-UNxiTG3Za1lmhS8aqnD243b7KeFM9ff-0mGLc/edit?usp=drivesdk
542,Madhab Chandra Class Xii School,Dhalai,TBSE,Organised Retail,102 VE Schools,https://docs.google.com/spreadsheets/d/1H7o9n0V0IUTsWbBnbqucPl_laAKoojQc6VEkd9IuTnk/edit?usp=drivesdk
543,Paharmura Hs School,Khowai,TBSE,Electronics,102 VE Schools,https://docs.google.com/spreadsheets/d/1aCBPN1irVzy4hIK2nh03OQ6QK1U9vZTwO3KCuqh_V6Q/edit?usp=drivesdk
544,Tuichindrai Bari H. S. School,Khowai,TBSE,Electronics,102 VE Schools,https://docs.google.com/spreadsheets/d/1ccosKmWIbXl41FNwqe3ZgeZ-RHz8GZyHFrXfYxaKXNk/edit?usp=drivesdk
545,Asharambari H/S School,Khowai,TBSE,IT-ITeS,102 VE Schools,https://docs.google.com/spreadsheets/d/1iRizh1xvu38OBWOQ_HxjqGZPQWcadZI46ghwGkxDGgg/edit?usp=drivesdk
546,Baramaidan H.S School,Khowai,TBSE,Electronics,102 VE Schools,https://docs.google.com/spreadsheets/d/1uGjxdkF19l5f1fl-KDpQiEhi4LYQBvDWXGV1zveTgRA/edit?usp=drivesdk
547,Ghilatali Bazar HS School,Khowai,CBSE,Information Technology,102 VE Schools,https://docs.google.com/spreadsheets/d/1xZGk4mVKriaR0sV7Fb4VmuB9Ol4e5sliFp_VShyOQzo/edit?usp=drivesdk
548,Balaram Kobra H/S School,Khowai,TBSE,IT-ITeS,102 VE Schools,https://docs.google.com/spreadsheets/d/1AaWcPpWCcRsiDEXYopawU3LCsL3XQ6gRpfqLvak_CUw/edit?usp=drivesdk
549,Arundhuti Nagar H/S School,West,CBSE,Agriculture,102 VE Schools,https://docs.google.com/spreadsheets/d/1BLdn2Yhn0D9kems-FY6r83e0qJ0A6RBDezNi5mLI86g/edit?usp=drivesdk
550,Badharghat Class-Xii School,West,TBSE,Organised Retail,102 VE Schools,https://docs.google.com/spreadsheets/d/1P0nhVzafHUze5DbUrZ6Yb_tEy_vZn7-B1UENfhU8QFM/edit?usp=drivesdk
551,Ananda Nagar H.S School,West,TBSE,Electronics,102 VE Schools,https://docs.google.com/spreadsheets/d/1UDijW27CDtiFaGIf_qVi7wfk0RFyfLuK4VQ-jZ8NLP4/edit?usp=drivesdk
552,Surendra Nagar Eng.Med. School,West,CBSE,Information Technology,102 VE Schools,https://docs.google.com/spreadsheets/d/1ZS43wnaxEJvbSHJzj5ymdu3vSzepldlD6CBxP_wd32I/edit?usp=drivesdk
553,Barjala Binapani Hs School,West,TBSE,Agriculture,102 VE Schools,https://docs.google.com/spreadsheets/d/17dT-QWKS7ILkpJFhqNKBUkR_xNo0-8w1u3ORSbUOAdE/edit?usp=drivesdk
554,Champaknagar H/S School,West,CBSE,Electronics & Hardware,102 VE Schools,https://docs.google.com/spreadsheets/d/1Jy2iK1LqICzjJBEkDOiXHTF0YjEjIvk1KOhV7DW75HA/edit?usp=drivesdk
555,PMSHRI Mandwi Bazar H.S School,West,TBSE,Organised Retail,102 VE Schools,https://docs.google.com/spreadsheets/d/1rr3ZiXUtTd96ium5Is-DwuMvZ0WKKpSXmRWwrOoxSqI/edit?usp=drivesdk
556,D.C. Para Hemanta Smriti Vidyalaya HS School,West,TBSE,Electronics,102 VE Schools,https://docs.google.com/spreadsheets/d/1ubmBJAzUrbK6EL5LX78rn97FyQyaUBhJX5QuBEzpeNM/edit?usp=drivesdk
557,Nutannagar Girls' H/S School,West,CBSE,Information Technology,102 VE Schools,https://docs.google.com/spreadsheets/d/1zYMpBD3LnwZT7YxSRvLXSHG4aMepWbAWMBp16-mjSS4/edit?usp=drivesdk
558,Mohanpur Class Xii School,West,CBSE,Agriculture,102 VE Schools,https://docs.google.com/spreadsheets/d/1ISVFfMYYs_G13MaoriTcs_T-Vvm5HXKcMENxzV9vp8w/edit?usp=drivesdk
559,Bishalgarh Eng. Med. H.S School.,Sepahijala,CBSE,Retail,102 VE Schools,https://docs.google.com/spreadsheets/d/1P7gQNOSGTZC511iZ2vpAgRqFXnigkxnCqvkRQF2VPXU/edit?usp=drivesdk
560,Durlavnarayan H.S School,Sepahijala,CBSE,Information Technology,102 VE Schools,https://docs.google.com/spreadsheets/d/1UdvLP-gEmnhmyy-fU1oGbOoelwZeVVwQTaaiQ35I634/edit?usp=drivesdk
561,Takarjala South H.S School,Sepahijala,TBSE,Electronics,102 VE Schools,https://docs.google.com/spreadsheets/d/1hNrv97QCl1G4KQ6VXmbXRYSTVVFd6StbLEokBsX3sRo/edit?usp=drivesdk
562,Kamalnagar H.S School,Sepahijala,TBSE,IT-ITeS,102 VE Schools,https://docs.google.com/spreadsheets/d/1rDAZ29ZGuDHIuna8sCxV1meQJBojsTES4JFDm_7A9Qs/edit?usp=drivesdk
563,Taibandal H S School,Sepahijala,CBSE,Agriculture,102 VE Schools,https://docs.google.com/spreadsheets/d/10QeOP0kKJajtUvKtRoBSmHqxogT9rDOym2ApK37iD-g/edit?usp=drivesdk
564,Urmai H.S School,Sepahijala,TBSE,IT-ITeS,102 VE Schools,https://docs.google.com/spreadsheets/d/11iRvWfIFwE7RdxTqSGInb-IoREVPloRdQFMA9_DJFX0/edit?usp=drivesdk
565,PMSHRI Melaghar Girls H.S School,Sepahijala,TBSE,Organised Retail,102 VE Schools,https://docs.google.com/spreadsheets/d/1JhniRF9p9C2QpxUOFEuZHHLd6V4wEvYpwBPzUnzDA3g/edit?usp=drivesdk
566,PMSHRI Baidyerdighi H.S School,Sepahijala,TBSE,IT-ITeS,102 VE Schools,https://docs.google.com/spreadsheets/d/10gkwlJ8oMqhHE8kHYvnKjRmF4EWdPgnpeJRK-SzCCiI/edit?usp=drivesdk
567,Amarpur H.S School,Gomati,TBSE,Electronics,102 VE Schools,https://docs.google.com/spreadsheets/d/12VX-Xv0ghZU50fiL7cm7YotJ_A-YGILGbwgLdGpCzKg/edit?usp=drivesdk
568,Nutanbazar Girls H.S School,Gomati,TBSE,Organised Retail,102 VE Schools,https://docs.google.com/spreadsheets/d/1Gglg6HxYlBFeHoY2gdDfmRP4FisqMHNUeutIaHL-vvw/edit?usp=drivesdk
569,Palatana H.S School,Gomati,TBSE,Agriculture,102 VE Schools,https://docs.google.com/spreadsheets/d/1RpVpn2cUayzuRYP7PdKJPV-xLO6gC5m_bqpabFa1d-Y/edit?usp=drivesdk
570,Garzeebzar H.S School,Gomati,CBSE,Retail,102 VE Schools,https://docs.google.com/spreadsheets/d/1TEY4TqK8LTHI-qK1b8uVg7hOhf2XG3yMFzRJZ_V2D_s/edit?usp=drivesdk
571,Gamaria H.S School,Gomati,TBSE,Electronics,102 VE Schools,https://docs.google.com/spreadsheets/d/12HzZhK6bUeK6SznL9L1qwYhmBJhCFlyCZbDn8OrI1oQ/edit?usp=drivesdk
572,Garjanmura H.S School,Gomati,TBSE,Electronics,102 VE Schools,https://docs.google.com/spreadsheets/d/16LyMojwDqUpS3DV2ZXnxRPA5o0bk9GMco12E51QpSjA/edit?usp=drivesdk
573,Matabari Eng. Med. H.S School,Gomati,TBSE,Organised Retail,102 VE Schools,https://docs.google.com/spreadsheets/d/17--2MmMur5r7k_imNg7mgQGOwNPKbbkzVo2Tz0qXyQc/edit?usp=drivesdk
574,Tripurasundari H.S School,Gomati,TBSE,IT-ITeS,102 VE Schools,https://docs.google.com/spreadsheets/d/1JHPBJOWqBVN0yAlflQCuXy-LQfJZIPF-F0KfGsiDsQM/edit?usp=drivesdk
575,West Bokafa H.S School,South,TBSE,IT-ITeS,102 VE Schools,https://docs.google.com/spreadsheets/d/14xXoO-oWdYKc7jqyHcDb0wK_j6XpA_GfwQoVxya7vVU/edit?usp=drivesdk
576,PMSHRI Twikormo HS School,South,TBSE,IT-ITeS,102 VE Schools,https://docs.google.com/spreadsheets/d/1mgPgz1-E5yqPFq8oeK3CRVzSluTPYKnaD_5Iy5RjLYg/edit?usp=drivesdk
577,Bokafa Ashram Eng. Med. H.S School,South,TBSE,IT-ITeS,102 VE Schools,https://docs.google.com/spreadsheets/d/1aXXUGE_K_a6zY2bgXZQ8KDpdisfNJ0J6C8p7lmsgNGg/edit?usp=drivesdk
578,Sabroom Eng. Medium Hs School,South,CBSE,Information Technology,102 VE Schools,https://docs.google.com/spreadsheets/d/1q2MbhdIv6r06B7Qh1Nu3VYyM40xShZI7Zjk5yHi3u9s/edit?usp=drivesdk
579,Krishnatilla High School,Unakoti,TBSE,Electronics,2 PMSHRI,https://docs.google.com/spreadsheets/d/16NhTGq-_jTKZC8UQBsxp84Rt-PiEQPuRiZ7dRbhBy54/edit?usp=drive_link
580,Rajnagar High School,Gomati,TBSE,IT-ITeS,2 PMSHRI,https://docs.google.com/spreadsheets/d/1GuneyVQBiZ-LGzkc6waiF_4JLjqH6onYO5BpQTswR-8/edit?usp=drivesdk
581,PM-SHRI-Kamini Kumar Singha Memorial HS School,West,TBSE,IT-ITeS,1 PMSHRI (2 Sectors),https://docs.google.com/spreadsheets/d/1Ihhs89mWftEmY351luNjuHBx7ib2IUTZ4DOXAI_92qw/edit?usp=drivesdk
582,PM-SHRI-Kamini Kumar Singha Memorial HS School,West,TBSE,Organised Retail,1 PMSHRI (2 Sectors),https://docs.google.com/spreadsheets/d/1gX61CGxmariRHC_aS2qX6-cPHdW2jo1TCndBse26WNo/edit?usp=drivesdk
583,PM SHRI Amzad Nagar High School,South,TBSE,Electronics,1 PMSHRI (1 Sector),https://docs.google.com/spreadsheets/d/1Hz5PsDMUAR1nDlbprZU1YZM2MqMCo6_mOwtmb6UxJxY/edit?usp=drivesdk
584,PM SHRI Akhaliacherra English Medium HS School,West,TBSE,Agriculture,3 PMSHRI,https://docs.google.com/spreadsheets/d/1esxupo-N4RJwaix8LoGMfa8cMyE4dOYT9kcCoB2TAi0/edit?usp=drivesdk
585,Uttar Debendranagar High School,West,TBSE,Electronics,3 PMSHRI,https://docs.google.com/spreadsheets/d/13z_smKbLFSWprAN0FBpJsTSVng48INXkKbO_3xugqBk/edit?usp=drivesdk
586,PMSHRI Bhagabanngar (Eng.Med.) High School,Unakoti,TBSE,Electronics,3 PMSHRI,https://docs.google.com/spreadsheets/d/1bQuu4TEVfW358nD2pFyIoXI5NdojnZtn8OsICCsUn70/edit?usp=drivesdk
587,Chandrapur South High,West,TBSE,IT-ITeS,8 VE Schools,https://docs.google.com/spreadsheets/d/17O-cOiTZ2HLBmJhk5-233FhmdosSHix6B9X7FIowYMU/edit?usp=drivesdk
588,Ragna High School,North,TBSE,Agriculture,8 VE Schools,https://docs.google.com/spreadsheets/d/1iZUfuNKOvjgAWUMEvccskpxlig6gcbNY6IXLr_oz7Fw/edit?usp=drivesdk
589,Batarashi High School,North,TBSE,Agriculture,8 VE Schools,https://docs.google.com/spreadsheets/d/1LCqfS2kHF--kYG_Ldwrp-sBUbKXWKzq9zSkmP3NLgtk/edit?usp=drivesdk
590,North Maheshpur H.S School,Sepahijala,TBSE,IT-ITeS,8 VE Schools,https://docs.google.com/spreadsheets/d/1LtksIQkmyG1xtnZHbvI5JZeUURLGCmJZ3cw4T_adEfQ/edit?usp=drivesdk
591,Hirapur High School,Gomati,TBSE,Agriculture,8 VE Schools,https://docs.google.com/spreadsheets/d/1PDcNGN4fi4iHlwGnDuf26ye-7lV8mmJQrkCLoff_AKM/edit?usp=drivesdk
592,Dudhpuskarini High School,Gomati,TBSE,IT-ITeS,8 VE Schools,https://docs.google.com/spreadsheets/d/1OcxLkpBhIOx19lQGil4_lqzEwUnV5rMDK-SZxZ0NOVA/edit?usp=drivesdk
593,Borkhala High School,Unakoti,TBSE,Electronics,8 VE Schools,https://docs.google.com/spreadsheets/d/1bWOr4KvhcBVtbN8UCQRMiIH-8dVFe6wLKht3YZxOlak/edit?usp=drivesdk
594,East Kanchan Bari HS School,Unakoti,TBSE,IT-ITeS,8 VE Schools,https://docs.google.com/spreadsheets/d/1sjcHl6KDlmOp8qDFKqP990JEaA185rCmNLN9fzjhso8/edit?usp=drivesdk
595,PMSHRI Matangini Hazra Vidyalaya (H.S),Gomati,TBSE,Electronics,1 PM SHRI School,https://docs.google.com/spreadsheets/d/1wfiJNPjQyLIwdqw1dCMbR1yYOYTikS6pVeljD-9Wf1E/edit?usp=drivesdk
596,Radhamadhabpur High. School,North,TBSE,IT-ITeS,VE 22 Spoke,https://docs.google.com/spreadsheets/d/1i4AnicZsTe6NzG3nTLfLXN4WdshqzQ-5evYqjSa62Yc/edit?usp=drivesdk
597,Balakmuni High School,North,TBSE,IT-ITeS,VE 22 Spoke,https://docs.google.com/spreadsheets/d/1oJC8kluQ9TVOqRC9bqUNE5EyWJWh1o7A6eQmqZeUYOA/edit?usp=drivesdk
598,Gokulnagar High School,Unakoti,TBSE,Organised Retail,VE 22 Spoke,https://docs.google.com/spreadsheets/d/1qm9cu6eyQLtGAU0w3Yi6czCKSTCnP6f7_q42ofpKVPQ/edit?usp=drivesdk
599,Jalai High School,Unakoti,TBSE,IT-ITeS,VE 22 Spoke,https://docs.google.com/spreadsheets/d/1wDBvAUKM2XPRqtD8oM_PQNKcV_z7CKyxqKZYaeKSGTE/edit?usp=drivesdk
600,Laxmancherra High School,Unakoti,TBSE,Electronics,VE 22 Spoke,https://docs.google.com/spreadsheets/d/1EXoJI2iHF5a9RiitS-DY4BsR1Mzdp2i0qWYTDdRiouA/edit?usp=drivesdk
601,Manuvelly T.E. High School,Unakoti,TBSE,IT-ITeS,VE 22 Spoke,https://docs.google.com/spreadsheets/d/1IOslImm3JQhLOE6aJSAOmzJHV6TasbnMHLvOz3tVaUY/edit?usp=drivesdk
602,East Daluchara High School,Dhalai,TBSE,Electronics,VE 22 Spoke,https://docs.google.com/spreadsheets/d/1dQ4OOV_gU4uy-LdSm5Hf5cffHUmpvPpmqL6CE2K5Aig/edit?usp=drivesdk
603,Debipur Col. High School,Dhalai,TBSE,IT-ITeS,VE 22 Spoke,https://docs.google.com/spreadsheets/d/1ksFP0c9tdHTCOHb95CW8TygN5yZv3NCZFzD7tcv8uEs/edit?usp=drivesdk
604,8-No Dyke High School,Dhalai,TBSE,Organised Retail,VE 22 Spoke,https://docs.google.com/spreadsheets/d/1cKUKzGpd-2tmv1Hc7Ks-AmN9sOdiQob9d7DGa-nHI28/edit?usp=drivesdk
605,Purnima High School,Khowai,TBSE,IT-ITeS,VE 22 Spoke,https://docs.google.com/spreadsheets/d/1dSkgrPqOTVOPI8Fwhm3hsr_grf6ZLD_IVJ_65-iZsCI/edit?usp=drivesdk
606,Gopalnagar High School,Khowai,TBSE,Agriculture,VE 22 Spoke,https://docs.google.com/spreadsheets/d/1pwRUB-cE1UXtwyDuYDkqm9hooejXrxt7VnpFQiCJzog/edit?usp=drivesdk
607,Dhalabil High School,Khowai,TBSE,Agriculture,VE 22 Spoke,https://docs.google.com/spreadsheets/d/1wnJ8RNPYVpZv92gJl2L5MuDiOQB8vIr8iD0XjQ1iPo8/edit?usp=drivesdk
608,West Noabadi (S) High School,West,TBSE,Electronics,VE 22 Spoke,https://docs.google.com/spreadsheets/d/1g87DU9EyLa101Wej5BBMFGtN_lRyiI5Oke_ttXLgF-M/edit?usp=drivesdk
609,Indranagar High School,West,TBSE,Electronics,VE 22 Spoke,https://docs.google.com/spreadsheets/d/1pEbB83hzexiCI-ZXrhuE39q3G2YXAxO9M6DTlpSxKNY/edit?usp=drivesdk
610,Taranagar High School,West,TBSE,IT-ITeS,VE 22 Spoke,https://docs.google.com/spreadsheets/d/1rBpLB8BTdOX6xnxsJLau8dqVk5iL568EWsZ9_jRZGVA/edit?usp=drivesdk
611,Bamutia Binodini Girl'S. High School,West,TBSE,Electronics,VE 22 Spoke,https://docs.google.com/spreadsheets/d/15rONC2OuSMq_gUBrjpX8eMq_xN-r0WA0Js8FOHeyanY/edit?usp=drivesdk
612,Boxanagar Madhya Para Girls High School,Sepahijala,TBSE,IT-ITeS,VE 22 Spoke,https://docs.google.com/spreadsheets/d/1VItzIIvyPxJO69CoyQ00jJgr42GW2DAbKvdOrCRGU5Y/edit?usp=drivesdk
613,Mohanbhog High School,Sepahijala,TBSE,Electronics,VE 22 Spoke,https://docs.google.com/spreadsheets/d/1ZmhcixGgVVuEPQPEc6sI55-3j_ItY5HFFR9HVzkdDf0/edit?usp=drivesdk
614,Bejimara High School,Sepahijala,TBSE,IT-ITeS,VE 22 Spoke,https://docs.google.com/spreadsheets/d/1NTn17Ib5f6VclGyByccfJ7mC5lhqom5jJ0FmCO42Hcg/edit?usp=drivesdk
615,Lewa Twisa Tarun V. High School,Gomati,TBSE,Electronics,VE 22 Spoke,https://docs.google.com/spreadsheets/d/1aa_h91DJaDaLzvyorw4MrJBwOhxnFQXTTNH4-I-_AjU/edit?usp=drivesdk
616,Sataria High School,Gomati,TBSE,IT-ITeS,VE 22 Spoke,https://docs.google.com/spreadsheets/d/13GwvIhrXhikoTetKAiSI-hJoyZx78K4gPumR2vuivfg/edit?usp=drivesdk
617,North Belonia High school,South,TBSE,Power,VE 22 Spoke,https://docs.google.com/spreadsheets/d/1954QgEFPZkYzUdINChRllsDETZAyfa8Ao6uP1mkqgU8/edit?usp=drivesdk
